Disease_Association,Most_Haploinsufficient_gene,dNdS1,dNdS2,dNdS_diff
Unknown.Unknown,C,0.004,0.0077,0.0037
Recessive.Unknown,C,0.0013,0.0028,0.0015
Unknown.Unknown,NA,0,0.0014,0.0014
Unknown.Unknown,NA,0.0006,0.0179,0.0173
Unknown.Unknown,C,0,0.0035,0.0035
Unknown.Unknown,C,0.0005,0.0018,0.0013
Dominant.Unknown,C,0,0.0244,0.0244
Unknown.None,C,0.002,0.006,0.004
Dominant.Unknown,C,0.0016,0.0056,0.004
None.None,C,0.0088,0.0314,0.0226
None.None,C,0,0.0008,0.0008
Unknown.Unknown,D,0.0019,0.0041,0.0022
Unknown.Unknown,D,0.0015,0.0128,0.0113
Recessive.Unknown,D,0,0.0029,0.0029
Unknown.Unknown,C,0,0.0058,0.0058
Unknown.Unknown,D,0,0.0523,0.0523
Dominant.Unknown,C,0,0.001,0.001
Unknown.Dominant,D,0.0011,0.0022,0.0011
Recessive.Recessive,C,0.001,0.0024,0.0014
Dominant.Unknown,C,0.0075,0.0182,0.0107
Dominant.Unknown,C,0.004,0.0083,0.0043
None.Recessive,C,0.0049,0.0314,0.0265
Unknown.Unknown,C,0,0.0022,0.0022
Unknown.Unknown,C,0.0006,0.0011,0.0005
None.Unknown,NA,0,0.0029,0.0029
Dominant.Unknown,C,0,0.0033,0.0033
None.Unknown,D,0.0024,0.004,0.0016
Unknown.Unknown,C,0.0012,0.0052,0.004
Unknown.Recessive,D,0,0.008,0.008
Dominant.Unknown,D,0.0004,0.0023,0.0019
None.Unknown,D,0.0029,0.0032,0.0003
Unknown.Unknown,C,0,0.0007,0.0007
Unknown.Unknown,C,0.0023,0.0035,0.0012
Unknown.Dominant,D,0,0.0029,0.0029
Both.Unknown,C,0.0025,0.0028,0.0003
Dominant.Unknown,C,0.0013,0.0047,0.0034
Dominant.Both,D,0.0015,0.0027,0.0012
None.Unknown,C,0.0005,0.0007,0.0002
Unknown.Unknown,C,0.0017,0.0047,0.003
Dominant.Unknown,C,0.001,0.0054,0.0044
Recessive.Dominant,D,0.0008,0.0175,0.0167
Unknown.Unknown,D,0.0009,0.002,0.0011
Unknown.None,C,0.0029,0.0066,0.0037
Unknown.Dominant,D,0.0026,0.0179,0.0153
Unknown.Dominant,C,0.0355,0.067,0.0315
Recessive.Unknown,D,0.0011,0.003,0.0019
None.Both,D,0.0039,0.0339,0.03
Unknown.Recessive,C,0.0012,0.0616,0.0604
Unknown.Unknown,C,0,0.1103,0.1103
Unknown.Unknown,D,0,0.0025,0.0025
None.Unknown,C,0.0051,0.0093,0.0042
Unknown.Unknown,NA,0.0003,0.0009,0.0006
Unknown.Unknown,D,0.0007,0.004,0.0033
Recessive.Unknown,C,0.0007,0.003,0.0023
Unknown.Recessive,C,0,0.0066,0.0066
Unknown.Dominant,NA,0.0077,0.0101,0.0024
Both.Unknown,C,0,0.0289,0.0289
Dominant.Recessive,D,0.0008,0.0031,0.0023
Unknown.None,NA,0.0063,0.0279,0.0216
Unknown.Unknown,C,0.0011,0.1819,0.1808
Dominant.Unknown,C,0,0.0037,0.0037
Recessive.Unknown,C,0.0013,0.0041,0.0028
Unknown.Unknown,D,0,0.0013,0.0013
None.Unknown,D,0.0025,0.004,0.0015
None.Unknown,D,0.0019,0.0021,0.0002
Unknown.Unknown,D,0,0.0011,0.0011
Unknown.Unknown,C,0.0045,0.0046,0.0001
Dominant.Unknown,C,0.0017,0.0135,0.0118
None.Dominant,C,0.0009,0.002,0.0011
Unknown.Recessive,C,0,0.0022,0.0022
Both.Unknown,C,0.0007,0.0036,0.0029
Unknown.Unknown,D,0.0197,0.0344,0.0147
Unknown.Unknown,C,0.0008,0.0281,0.0273
Unknown.Unknown,D,0.0006,0.0023,0.0017
Dominant.Unknown,C,0.0022,0.0041,0.0019
Dominant.Dominant,D,0,0.036,0.036
Both.Both,D,0,0.0028,0.0028
Unknown.Unknown,C,0,0.0007,0.0007
Unknown.Unknown,C,0.0006,0.0018,0.0012
Unknown.Unknown,D,0.0063,0.0081,0.0018
Unknown.Unknown,D,0.0023,0.003,0.0007
Unknown.Recessive,C,0.0005,0.0253,0.0248
Unknown.Unknown,C,0.0027,0.0056,0.0029
Dominant.Unknown,C,0.0009,0.0029,0.002
Dominant.Dominant,D,0.0065,0.0196,0.0131
Unknown.Unknown,D,0,0.0011,0.0011
Dominant.Dominant,C,0.0012,0.0025,0.0013
Unknown.Unknown,C,0,0.0053,0.0053
Dominant.Unknown,C,0.0016,0.0017,9.99999999999998e-05
Unknown.Recessive,C,0.0042,0.0314,0.0272
Unknown.Recessive,D,0,0.0247,0.0247
None.Unknown,C,0,0.108,0.108
Unknown.Recessive,D,0.0044,0.0052,0.000799999999999999
Unknown.Unknown,D,0,0.0013,0.0013
Dominant.Unknown,C,0.0009,0.0012,0.0003
Unknown.Unknown,C,0.001,0.0047,0.0037
Unknown.Unknown,C,0,0.0018,0.0018
Unknown.Recessive,D,0.0029,0.0329,0.03
Recessive.Both,C,0.0038,0.0049,0.0011
Unknown.Unknown,C,0.001,0.0015,0.0005
Unknown.Unknown,C,0,0.0272,0.0272
Unknown.Unknown,D,0.0032,0.0246,0.0214
Unknown.Unknown,C,0.0051,0.0159,0.0108
Unknown.None,C,0.0011,0.0019,0.0008
Unknown.Unknown,C,0.0036,0.0042,0.0006
Unknown.Unknown,D,0.0012,0.0021,0.0009
None.None,NA,0.0055,0.0076,0.0021
Unknown.Unknown,D,0,0.0749,0.0749
Recessive.Dominant,D,0.0013,0.0024,0.0011
Unknown.None,D,0.0016,0.0049,0.0033
Unknown.Unknown,C,0.0009,0.001,0.0001
Unknown.Unknown,NA,0.0033,0.0057,0.0024
Dominant.Unknown,D,0.0049,0.0073,0.0024
Unknown.Unknown,C,0.0034,0.108,0.1046
Recessive.Unknown,C,0,0.0062,0.0062
Unknown.Unknown,C,0.0018,0.0028,0.001
Unknown.Recessive,D,0,0.0052,0.0052
Dominant.Unknown,C,0,0.0418,0.0418
Recessive.None,C,0.0032,0.0071,0.0039
Unknown.Unknown,D,0.0014,0.0015,0.0001
Unknown.Unknown,C,0.0013,0.0576,0.0563
Unknown.Unknown,D,0.0009,0.0017,0.0008
None.Recessive,D,0.0027,0.0038,0.0011
Unknown.Unknown,D,0.0016,0.0021,0.0005
Unknown.Unknown,C,0.0006,0.004,0.0034
Unknown.None,C,0.0007,0.0016,0.0009
Unknown.Unknown,C,0,0.0015,0.0015
Unknown.Dominant,C,0.0029,0.0035,0.0006
Unknown.Dominant,D,0.0008,0.0047,0.0039
Unknown.Unknown,C,0.001,0.0226,0.0216
Unknown.Unknown,D,0.001,0.0032,0.0022
None.Unknown,C,0.0007,0.0012,0.0005
Unknown.Unknown,D,0,0.0034,0.0034
Unknown.Unknown,D,0.0005,0.0136,0.0131
Unknown.Unknown,D,0,0.0009,0.0009
Unknown.Unknown,C,0.0059,0.0071,0.0012
Unknown.Unknown,D,0.0024,0.0029,0.0005
Both.Unknown,C,0.0006,0.0069,0.0063
None.None,NA,0.0005,0.0389,0.0384
Dominant.Unknown,C,0,0.0136,0.0136
Recessive.Unknown,C,0,0.0008,0.0008
Unknown.None,C,0.0014,0.0049,0.0035
Unknown.Unknown,C,0,0.001,0.001
Unknown.None,C,0,0.0054,0.0054
Unknown.Both,C,0.0014,0.0077,0.0063
None.Unknown,C,0,0.0015,0.0015
Recessive.Unknown,C,0.0022,0.0026,0.0004
Dominant.Unknown,C,0.0017,0.0227,0.021
None.Unknown,C,0,0.1168,0.1168
None.Unknown,NA,0.0029,0.0092,0.0063
Unknown.None,C,0,0.4414,0.4414
Unknown.Unknown,C,0,0.0127,0.0127
Unknown.Unknown,D,0.0005,0.0112,0.0107
Unknown.Unknown,C,0.0017,0.006,0.0043
Unknown.Recessive,D,0,0.0013,0.0013
Both.Dominant,C,0.0006,0.0017,0.0011
Unknown.Unknown,C,0.0008,0.0057,0.0049
Unknown.Unknown,C,0,0.034,0.034
Unknown.None,C,0,0.0062,0.0062
Both.Recessive,C,0.0026,0.0035,0.0009
Dominant.Unknown,C,0,0.0026,0.0026
Recessive.Unknown,C,0,0.0071,0.0071
Recessive.Unknown,C,0.0033,0.0204,0.0171
None.Unknown,D,0,0.002,0.002
Unknown.Unknown,D,0.0014,0.0142,0.0128
Unknown.Unknown,C,0,0.001,0.001
Unknown.Dominant,C,0,0.0037,0.0037
Unknown.None,NA,0.0063,0.0319,0.0256
Unknown.Unknown,C,0,0.0017,0.0017
Unknown.Unknown,D,0.0008,0.0514,0.0506
Unknown.Unknown,C,0.0004,0.0014,0.001
Unknown.Dominant,D,0.0015,0.0073,0.0058
Unknown.Unknown,C,0.0015,0.0164,0.0149
Both.Dominant,C,0.0007,0.0029,0.0022
Unknown.None,NA,0.0063,0.0279,0.0216
Unknown.Unknown,C,0,0.0019,0.0019
None.None,D,0.0007,0.0216,0.0209
Dominant.Unknown,C,0,0.0011,0.0011
Unknown.Recessive,C,0.0004,0.0014,0.001
None.None,C,0,0.0014,0.0014
Unknown.None,NA,0.0063,0.0308,0.0245
Both.Unknown,C,0.0009,0.0127,0.0118
Unknown.Unknown,C,0.0018,0.0038,0.002
Unknown.Unknown,C,0,0.0029,0.0029
Unknown.Dominant,D,0.0006,0.0017,0.0011
Unknown.Unknown,C,0,0.1082,0.1082
None.Unknown,D,0.0029,0.0219,0.019
Both.Unknown,C,0.001,0.0062,0.0052
Unknown.Unknown,C,0,0.0078,0.0078
Unknown.Recessive,C,0.0023,0.0055,0.0032
None.Unknown,NA,0.0029,0.0055,0.0026
Unknown.None,C,0.0072,0.0095,0.0023
Unknown.Unknown,D,0.0004,0.0005,0.0001
Unknown.Unknown,C,0,0.0028,0.0028
Unknown.None,C,0.0004,0.0033,0.0029
Unknown.Unknown,C,0.0009,0.0221,0.0212
Unknown.Recessive,C,0.001,0.0046,0.0036
Unknown.Unknown,NA,0,0.0021,0.0021
Unknown.Unknown,C,0.0026,0.0057,0.0031
Recessive.Unknown,C,0.0009,0.0067,0.0058
Unknown.Unknown,C,0,0.004,0.004
Dominant.None,C,0.0011,0.0084,0.0073
Recessive.Unknown,C,0.0005,0.0466,0.0461
Unknown.Unknown,D,0,0.0005,0.0005
Dominant.Dominant,C,0,0.0061,0.0061
Dominant.Unknown,C,0,0.0006,0.0006
Unknown.Unknown,NA,0,0.002,0.002
Unknown.Unknown,C,0,0.0042,0.0042
Unknown.Unknown,C,0,0.0009,0.0009
Unknown.Unknown,D,0.0023,0.0027,0.0004
None.Unknown,D,0,0.0075,0.0075
Unknown.Unknown,C,0,0.0421,0.0421
Unknown.None,C,0,0.01,0.01
Unknown.Unknown,C,0.0023,0.006,0.0037
Dominant.Both,C,0.0025,0.0102,0.0077
Unknown.None,D,0.0018,0.0019,0.0001
Unknown.None,C,0.0015,0.0187,0.0172
Unknown.None,D,0,0.0053,0.0053
Unknown.None,C,0,0.0247,0.0247
Unknown.Unknown,C,0.0044,0.008,0.0036
Unknown.Recessive,D,0.0005,0.0008,0.0003
Unknown.Unknown,NA,0.0033,0.017,0.0137
None.None,C,0.0009,0.0019,0.001
None.None,C,0.0022,0.0592,0.057
Unknown.Unknown,C,0.002,0.0538,0.0518
Unknown.None,C,0.0009,0.0213,0.0204
Dominant.Dominant,C,0,0.0017,0.0017
Unknown.Unknown,C,0,0.0005,0.0005
Unknown.Unknown,D,0,0.0008,0.0008
Unknown.Both,C,0.0022,0.0032,0.001
Unknown.Unknown,C,0.0049,0.0079,0.003
Dominant.Unknown,C,0,0.0205,0.0205
Unknown.None,NA,0.0033,0.0051,0.0018
Unknown.None,D,0.0007,0.0024,0.0017
Unknown.Dominant,D,0,0.0008,0.0008
Unknown.None,C,0,0.0025,0.0025
Recessive.Unknown,C,0.0005,0.0048,0.0043
Recessive.Unknown,C,0,0.0013,0.0013
Unknown.Unknown,C,0.0018,0.0038,0.002
Unknown.Unknown,C,0.0017,0.0027,0.001
Unknown.Unknown,D,0.0062,0.0065,0.0003
Unknown.Unknown,C,0.0025,0.0316,0.0291
Unknown.Unknown,C,0.0009,0.0022,0.0013
Unknown.Unknown,C,0,0.0553,0.0553
Unknown.Dominant,D,0.0054,0.0175,0.0121
Unknown.Unknown,D,0.0018,0.0518,0.05
Unknown.Both,C,0,0.0111,0.0111
Recessive.Unknown,C,0,0.0009,0.0009
Unknown.Unknown,C,0,0.0023,0.0023
Dominant.Recessive,D,0.0046,0.1926,0.188
Unknown.None,C,0.0016,0.0019,0.0003
Unknown.Dominant,C,0,0.0029,0.0029
Unknown.Unknown,NA,0.001,0.0034,0.0024
Recessive.Unknown,D,0.0009,0.0067,0.0058
Unknown.Recessive,C,0.0086,0.0111,0.0025
Unknown.Unknown,C,0,0.0028,0.0028
Unknown.Unknown,D,0.0015,0.0457,0.0442
Unknown.Unknown,C,0.004,0.006,0.002
Dominant.Unknown,C,0,0.0007,0.0007
None.Unknown,C,0.0005,0.0015,0.001
Unknown.Unknown,C,0.0011,0.0027,0.0016
Recessive.None,C,0.0027,0.0037,0.001
Unknown.Recessive,C,0.0006,0.0134,0.0128
Unknown.Unknown,C,0,0.0261,0.0261
Unknown.Unknown,C,0.0008,0.0019,0.0011
Unknown.Unknown,C,0.0032,0.0151,0.0119
Unknown.Dominant,C,0.0024,0.0038,0.0014
Unknown.Unknown,C,0.0016,0.0278,0.0262
Unknown.Unknown,D,0.0018,0.0051,0.0033
Unknown.Unknown,C,0.0016,0.0053,0.0037
Unknown.Unknown,C,0,0.0023,0.0023
None.Unknown,NA,0.0029,0.0151,0.0122
Unknown.Unknown,C,0.0025,0.1349,0.1324
Unknown.Unknown,C,0.0101,0.0161,0.006
Dominant.Unknown,D,0.0003,0.0234,0.0231
Unknown.Unknown,C,0.0005,0.0083,0.0078
Unknown.None,C,0.002,0.003,0.001
Unknown.Unknown,D,0.0008,0.0042,0.0034
Dominant.Unknown,D,0.0012,0.0027,0.0015
Dominant.Unknown,D,0,0.0005,0.0005
Dominant.Unknown,C,0,0.0013,0.0013
Unknown.Unknown,C,0.001,0.0022,0.0012
Unknown.Both,D,0.0022,0.0086,0.0064
Unknown.Unknown,C,0.0015,0.0051,0.0036
Unknown.Recessive,C,0,0.0009,0.0009
Unknown.Unknown,C,0.0204,0.0404,0.02
Unknown.Unknown,C,0.0024,0.0059,0.0035
Unknown.Recessive,D,0.0056,0.1297,0.1241
None.Dominant,NA,0,0.0026,0.0026
Unknown.Dominant,C,0.0012,0.0023,0.0011
Unknown.Unknown,D,0,0.0005,0.0005
Unknown.Unknown,C,0.0006,0.0085,0.0079
Unknown.None,NA,0.0063,0.029,0.0227
Unknown.Unknown,D,0.0021,0.0022,0.0001
Unknown.Unknown,NA,0.0018,0.0224,0.0206
Unknown.Unknown,D,0.0052,0.0102,0.005
Dominant.Unknown,D,0.0009,0.0021,0.0012
Unknown.Unknown,C,0,0.0457,0.0457
Unknown.Unknown,D,0.0015,0.0018,0.0003
Dominant.Dominant,D,0,0.0273,0.0273
Unknown.Recessive,C,0,0.0226,0.0226
Recessive.None,D,0.001,0.0066,0.0056
Dominant.Unknown,C,0,0.0063,0.0063
None.None,D,0.0039,0.0069,0.003
Recessive.None,C,0.0014,0.0017,0.0003
Recessive.Recessive,D,0.0015,0.0123,0.0108
Unknown.None,C,0.0011,0.0064,0.0053
Unknown.Unknown,C,0.0004,0.0027,0.0023
Unknown.Unknown,D,0.0015,0.0026,0.0011
None.Unknown,D,0.0011,0.0033,0.0022
Unknown.None,C,0.0018,0.0053,0.0035
Unknown.Unknown,C,0.0014,0.002,0.0006
Unknown.Dominant,D,0,0.0029,0.0029
Dominant.Unknown,C,0,0.0005,0.0005
Unknown.Recessive,D,0.0058,0.02,0.0142
None.None,NA,0.0051,0.0084,0.0033
Dominant.Dominant,C,0.0009,0.023,0.0221
Dominant.Dominant,D,0.0036,0.0123,0.0087
Dominant.Dominant,C,0.001,0.0035,0.0025
Unknown.Recessive,D,0.0009,0.0029,0.002
Unknown.Unknown,C,0.0151,0.1349,0.1198
Unknown.None,C,0,0.0054,0.0054
Unknown.Unknown,C,0.001,0.0037,0.0027
None.Unknown,C,0.0017,0.0055,0.0038
Dominant.Dominant,C,0.0002,0.002,0.0018
None.Unknown,D,0.002,0.003,0.001
Unknown.Unknown,C,0.0026,0.0091,0.0065
Unknown.None,D,0.0013,0.0093,0.008
Dominant.Unknown,D,0,0.0136,0.0136
Unknown.Unknown,D,0.0016,0.0026,0.001
Recessive.Unknown,D,0.0006,0.0022,0.0016
Unknown.Unknown,D,0.001,0.0021,0.0011
Unknown.Unknown,D,0,0.0005,0.0005
Unknown.Unknown,D,0.0039,0.0041,0.000200000000000001
Unknown.Unknown,NA,0.0016,0.0072,0.0056
Unknown.Unknown,C,0,0.0018,0.0018
Unknown.Unknown,C,0,0.0152,0.0152
Unknown.Unknown,C,0.022,0.0292,0.0072
Unknown.Unknown,C,0.0015,0.0055,0.004
Unknown.Unknown,D,0.002,0.0023,0.0003
None.Unknown,C,0.0008,0.0058,0.005
Unknown.Unknown,D,0.0024,0.028,0.0256
Unknown.Unknown,C,0.0015,0.0048,0.0033
Unknown.None,C,0.0014,0.0033,0.0019
Unknown.Unknown,C,0,0.045,0.045
Recessive.None,NA,0.0015,0.0089,0.0074
Unknown.Unknown,C,0,0.007,0.007
Unknown.Unknown,C,0.0011,0.0029,0.0018
Both.Dominant,C,0.0007,0.002,0.0013
Unknown.None,NA,0.0019,0.0902,0.0883
None.Unknown,C,0.0053,0.0132,0.0079
Unknown.Unknown,C,0.002,0.0168,0.0148
Dominant.Dominant,C,0.0025,0.0464,0.0439
None.Dominant,D,0.0051,0.0125,0.0074
None.Unknown,C,0.0024,0.0116,0.0092
Unknown.Unknown,C,0.0005,0.0135,0.013
Unknown.Recessive,D,0.0086,0.057,0.0484
Recessive.Unknown,C,0,0.0039,0.0039
Unknown.Unknown,C,0.0041,0.0371,0.033
Unknown.Unknown,D,0.002,0.0052,0.0032
Unknown.Unknown,NA,0.002,0.028,0.026
Unknown.Unknown,D,0,0.0012,0.0012
Unknown.Unknown,C,0.0025,0.0096,0.0071
Unknown.Recessive,C,0,0.0008,0.0008
Unknown.Dominant,C,0,0.0024,0.0024
Unknown.Unknown,C,0.001,0.0166,0.0156
Recessive.Recessive,C,0.0026,0.0047,0.0021
Unknown.None,C,0.0011,0.0028,0.0017
Dominant.Unknown,D,0.0022,0.0223,0.0201
Unknown.Unknown,D,0.0023,0.0028,0.0005
None.None,C,0.0006,0.0041,0.0035
None.None,C,0.003,0.0038,0.0008
Unknown.Unknown,C,0.0063,0.0084,0.0021
Unknown.Recessive,C,0.0021,0.0054,0.0033
Unknown.Unknown,C,0.0009,0.0125,0.0116
Unknown.None,C,0.0068,0.0177,0.0109
Dominant.Unknown,C,0.0005,0.0057,0.0052
Dominant.Both,D,0.0005,0.0018,0.0013
Unknown.Unknown,D,0,0.002,0.002
Unknown.Unknown,C,0.0018,0.006,0.0042
Unknown.Unknown,C,0.0021,0.0039,0.0018
Unknown.Unknown,C,0.0042,0.0053,0.0011
Recessive.Unknown,C,0.0008,0.0136,0.0128
Unknown.Unknown,C,0,0.0035,0.0035
Unknown.None,NA,0.0063,0.0279,0.0216
Unknown.None,NA,0.0008,0.0042,0.0034
Unknown.Recessive,C,0.0025,0.2063,0.2038
Unknown.Unknown,D,0.0018,0.0159,0.0141
Unknown.Unknown,C,0.0026,0.0063,0.0037
Unknown.Unknown,C,0.002,0.0134,0.0114
None.Unknown,C,0.0006,0.0031,0.0025
Recessive.Recessive,NA,0,0.0008,0.0008
Dominant.Unknown,C,0.0005,0.0034,0.0029
Recessive.Unknown,C,0.0024,0.0037,0.0013
Unknown.Unknown,C,0.0015,0.0076,0.0061
Dominant.None,NA,0,0.128,0.128
Unknown.Unknown,C,0.0016,0.062,0.0604
Both.Recessive,C,0.0046,0.006,0.0014
Recessive.Unknown,C,0.0075,0.0079,0.000400000000000001
Dominant.None,C,0,0.0025,0.0025
Unknown.Unknown,C,0,0.01,0.01
Unknown.Unknown,C,0.0016,0.0301,0.0285
Recessive.Recessive,D,0,0.067,0.067
None.Unknown,C,0.0053,0.0278,0.0225
Unknown.Unknown,D,0,0.0019,0.0019
Unknown.Unknown,C,0.0335,0.1982,0.1647
Unknown.Unknown,D,0.0006,0.0029,0.0023
Unknown.Unknown,C,0,0.0013,0.0013
Unknown.Unknown,C,0,0.0042,0.0042
Both.Unknown,C,0.0023,0.0034,0.0011
Unknown.Unknown,D,0,0.0116,0.0116
Unknown.Recessive,D,0.0012,0.0046,0.0034
Unknown.None,C,0.001,0.006,0.005
Unknown.Unknown,C,0,0.0024,0.0024
Recessive.Unknown,C,0.0033,0.0081,0.0048
Dominant.None,C,0.0033,0.0092,0.0059
Dominant.Unknown,C,0.0018,0.0079,0.0061
Unknown.Unknown,D,0.0008,0.0053,0.0045
None.None,C,0.002,0.0053,0.0033
Unknown.Recessive,D,0.0041,0.0194,0.0153
Unknown.Dominant,D,0.0008,0.0009,9.99999999999999e-05
Recessive.Recessive,D,0.005,0.0248,0.0198
Dominant.Unknown,D,0.0048,0.0097,0.0049
Unknown.Unknown,C,0,0.0035,0.0035
Unknown.Unknown,D,0.0006,0.0022,0.0016
Unknown.None,C,0,0.0102,0.0102
Recessive.Unknown,C,0.0043,0.013,0.0087
Dominant.Unknown,C,0,0.0026,0.0026
Unknown.Unknown,D,0.0034,0.0053,0.0019
Unknown.Unknown,C,0,0.0054,0.0054
Unknown.Unknown,D,0.0063,0.0364,0.0301
None.Unknown,C,0.0009,0.0034,0.0025
Unknown.Unknown,C,0.0014,0.003,0.0016
Unknown.Unknown,D,0.0044,0.0118,0.0074
Dominant.Dominant,C,0.0012,0.0218,0.0206
Unknown.Unknown,C,0.0118,0.0559,0.0441
None.Unknown,C,0.003,0.0046,0.0016
Dominant.Unknown,C,0.0004,0.0008,0.0004
None.Unknown,D,0.0073,0.0308,0.0235
Unknown.None,C,0,0.0088,0.0088
Unknown.Unknown,C,0,0.0016,0.0016
Dominant.Dominant,D,0,0.0012,0.0012
Unknown.Unknown,D,0.0029,0.027,0.0241
Recessive.Unknown,NA,0.0075,0.0144,0.0069
Unknown.None,NA,0,0.0095,0.0095
Unknown.Unknown,C,0.0013,0.0018,0.0005
Unknown.Unknown,C,0.0009,0.0026,0.0017
Unknown.Unknown,C,0.0014,0.0068,0.0054
Unknown.None,D,0.0008,0.0021,0.0013
None.Unknown,C,0.0053,0.3332,0.3279
Unknown.Unknown,D,0.0027,0.0122,0.0095
Unknown.Unknown,D,0.0023,0.0024,9.99999999999998e-05
None.None,C,0.0038,0.0102,0.0064
Unknown.Recessive,D,0,0.0011,0.0011
Unknown.Recessive,D,0.0016,0.0028,0.0012
Recessive.Unknown,C,0.0037,0.01,0.0063
None.Unknown,C,0.0069,0.0184,0.0115
Unknown.Unknown,C,0.0011,0.002,0.0009
Unknown.Unknown,D,0.0004,0.0005,0.0001
Unknown.Unknown,C,0,0.0007,0.0007
Unknown.Unknown,C,0.0061,0.0112,0.0051
Unknown.Both,C,0.0009,0.0082,0.0073
Dominant.Recessive,D,0.0009,0.0013,0.0004
None.Unknown,D,0.001,0.0017,0.0007
Unknown.None,C,0.0011,0.0027,0.0016
Unknown.Unknown,D,0,0.002,0.002
None.None,C,0.0029,0.006,0.0031
Both.Both,C,0.0007,0.0016,0.0009
None.Unknown,C,0,0.0016,0.0016
Unknown.Unknown,C,0.0008,0.002,0.0012
None.Recessive,C,0.0006,0.0013,0.0007
Recessive.Recessive,C,0.0036,0.0193,0.0157
Both.Unknown,C,0,0.0188,0.0188
None.Recessive,C,0.0037,0.0105,0.0068
Unknown.Unknown,C,0,0.0006,0.0006
Unknown.Unknown,NA,0,0.0048,0.0048
Unknown.Unknown,C,0.0009,0.0078,0.0069
Unknown.Dominant,D,0,0.0014,0.0014
Unknown.None,C,0,0.0053,0.0053
None.Unknown,D,0.0021,0.0514,0.0493
Unknown.Unknown,C,0.002,0.0282,0.0262
Unknown.Unknown,D,0.0022,0.0082,0.006
Unknown.None,NA,0,0.0021,0.0021
None.None,C,0.0021,0.0068,0.0047
None.None,D,0,0.0015,0.0015
Unknown.Recessive,C,0.0009,0.0036,0.0027
Unknown.Unknown,D,0.0041,0.0251,0.021
Unknown.Unknown,C,0.001,0.004,0.003
Unknown.Unknown,C,0,0.0107,0.0107
None.None,C,0.0022,0.0068,0.0046
Unknown.Unknown,D,0.0014,0.0136,0.0122
Dominant.Unknown,C,0,0.0009,0.0009
Unknown.Unknown,C,0.0267,0.0576,0.0309
Unknown.Unknown,C,0,0.0045,0.0045
Unknown.Unknown,C,0.0032,0.0046,0.0014
Recessive.Recessive,C,0.0006,0.001,0.0004
Unknown.Unknown,D,0,0.0256,0.0256
Unknown.Unknown,C,0.0013,0.0014,0.0001
Recessive.Unknown,D,0.0042,0.0083,0.0041
Dominant.Unknown,C,0.0044,0.028,0.0236
Unknown.Unknown,C,0.0011,0.0012,9.99999999999998e-05
Unknown.Unknown,NA,0.0009,0.005,0.0041
None.None,C,0.0017,0.0102,0.0085
Unknown.Unknown,D,0.0027,0.0051,0.0024
Dominant.Dominant,D,0.0029,0.0761,0.0732
Unknown.Recessive,D,0.0006,0.0022,0.0016
Unknown.None,C,0,0.0049,0.0049
Dominant.Recessive,C,0,0.0008,0.0008
Unknown.Unknown,D,0.001,0.0014,0.0004
Unknown.Unknown,C,0,0.0029,0.0029
Unknown.Unknown,C,0.0012,0.0026,0.0014
Unknown.Recessive,C,0.0019,0.0443,0.0424
Unknown.Both,D,0,0.0177,0.0177
Unknown.Unknown,C,0.0008,0.0023,0.0015
Dominant.Unknown,C,0.0016,0.0148,0.0132
Unknown.Unknown,D,0.004,0.015,0.011
Unknown.None,C,0.0011,0.0064,0.0053
Dominant.Unknown,C,0,0.0004,0.0004
Unknown.Unknown,C,0.0038,0.1128,0.109
Dominant.Unknown,C,0.0017,0.0039,0.0022
Unknown.Unknown,NA,0,0.0067,0.0067
Dominant.Unknown,C,0.0015,0.0029,0.0014
Unknown.Dominant,C,0.0005,0.0017,0.0012
Unknown.Unknown,C,0.0065,0.0143,0.0078
Unknown.Unknown,NA,0.0064,0.0156,0.0092
Unknown.Unknown,D,0,0.02,0.02
Recessive.Unknown,C,0.0014,0.0033,0.0019
Unknown.None,C,0,0.0016,0.0016
None.Unknown,C,0.0021,0.0032,0.0011
Both.Unknown,C,0.003,0.0034,0.0004
Unknown.Dominant,D,0,0.0029,0.0029
Unknown.Unknown,C,0.0012,0.0024,0.0012
Unknown.Unknown,D,0.0077,0.0082,0.0005
Recessive.None,C,0.0014,0.0147,0.0133
Unknown.Unknown,C,0.0025,0.006,0.0035
Recessive.Recessive,C,0.0029,0.0087,0.0058
Unknown.Unknown,C,0.0025,0.0029,0.0004
None.None,C,0,0.0367,0.0367
Recessive.Both,D,0.0047,0.0408,0.0361
Unknown.Unknown,C,0,0.0037,0.0037
None.Unknown,D,0,0.0018,0.0018
Dominant.Dominant,C,0,0.0009,0.0009
Unknown.Unknown,C,0,0.0502,0.0502
Unknown.Unknown,C,0.0005,0.0229,0.0224
Unknown.Unknown,C,0,0.0039,0.0039
Dominant.Unknown,C,0.0012,0.0013,0.0001
None.Unknown,D,0,0.0027,0.0027
None.Unknown,C,0.0013,0.0023,0.001
Unknown.Unknown,D,0,0.0374,0.0374
Unknown.None,D,0.0015,0.0102,0.0087
Unknown.Dominant,C,0.0008,0.0065,0.0057
Unknown.Unknown,D,0,0.0348,0.0348
None.None,C,0.0053,0.0056,0.0003
Dominant.Recessive,C,0.0013,0.0043,0.003
None.Recessive,D,0.0012,0.0017,0.0005
Both.Dominant,C,0.0007,0.0012,0.0005
None.Unknown,D,0,0.0792,0.0792
Unknown.Unknown,NA,0.002,0.023,0.021
Unknown.Unknown,C,0.0022,0.0029,0.0007
Unknown.Unknown,C,0,0.0078,0.0078
Unknown.Unknown,C,0,0.002,0.002
Unknown.Unknown,C,0.0013,0.0102,0.0089
Unknown.Unknown,C,0.0029,0.0033,0.0004
Unknown.Unknown,D,0.0009,0.0292,0.0283
Unknown.Unknown,C,0.0127,0.0205,0.0078
Unknown.Unknown,C,0,0.0063,0.0063
Unknown.Unknown,C,0,0.0065,0.0065
Recessive.Unknown,C,0,0.0017,0.0017
Unknown.Unknown,C,0.0023,0.0042,0.0019
None.Dominant,D,0.0023,0.0097,0.0074
Unknown.Unknown,C,0.0017,0.0145,0.0128
Unknown.Unknown,D,0.008,0.0082,0.000200000000000001
Recessive.Recessive,D,0.0036,0.0097,0.0061
Unknown.None,C,0,0.0057,0.0057
Unknown.Unknown,C,0.001,0.1819,0.1809
Unknown.Unknown,C,0.0006,0.0037,0.0031
Unknown.Unknown,D,0.0019,0.0029,0.001
None.Unknown,D,0,0.0105,0.0105
Unknown.Unknown,C,0.0016,0.0042,0.0026
None.None,C,0.0024,0.0032,0.0008
Unknown.Unknown,D,0,0.0266,0.0266
Unknown.Unknown,C,0,0.003,0.003
Unknown.Dominant,D,0.0031,0.0075,0.0044
Unknown.Unknown,C,0.0025,0.0034,0.0009
Recessive.Unknown,D,0.0011,0.0012,9.99999999999998e-05
Unknown.Recessive,D,0.0019,0.0087,0.0068
Unknown.Both,D,0.0029,0.0177,0.0148
Unknown.Recessive,D,0.0007,0.0015,0.0008
Unknown.Unknown,D,0.0036,0.0094,0.0058
Unknown.Unknown,D,0.0034,0.0075,0.0041
Unknown.Unknown,C,0,0.0049,0.0049
Unknown.Unknown,D,0,0.002,0.002
Unknown.Unknown,C,0,0.0008,0.0008
Unknown.Unknown,C,0.0006,0.0392,0.0386
Dominant.None,C,0,0.012,0.012
Dominant.Unknown,C,0.0012,0.0029,0.0017
Both.Unknown,C,0.0005,0.0153,0.0148
Dominant.Dominant,D,0.0002,0.0003,0.0001
Dominant.Unknown,D,0.0013,0.0016,0.0003
None.Unknown,D,0,0.0091,0.0091
Unknown.Unknown,D,0.002,0.0034,0.0014
Dominant.Unknown,D,0.0008,0.0016,0.0008
Unknown.Unknown,C,0,0.1819,0.1819
Unknown.None,D,0,0.0066,0.0066
Dominant.Unknown,C,0,0.0082,0.0082
Unknown.None,NA,0.0009,0.128,0.1271
Unknown.None,NA,0.0006,0.0021,0.0015
Unknown.Unknown,D,0.002,0.0021,9.99999999999998e-05
Both.Dominant,C,0.0023,0.0033,0.001
Dominant.Dominant,D,0,0.0273,0.0273
None.None,C,0.0013,0.0037,0.0024
Unknown.Unknown,C,0.0097,0.0277,0.018
Unknown.Unknown,D,0.0006,0.0019,0.0013
Unknown.Recessive,C,0.003,0.0441,0.0411
Unknown.Unknown,C,0.0205,0.0217,0.0012
Dominant.Recessive,C,0,0.0226,0.0226
Unknown.None,NA,0.0063,0.0308,0.0245
Recessive.Unknown,NA,0.0008,0.0026,0.0018
Dominant.Recessive,C,0.0013,0.0209,0.0196
Dominant.Recessive,D,0.0058,0.0064,0.000600000000000001
Recessive.Recessive,C,0.0023,0.024,0.0217
Unknown.None,D,0.0009,0.0034,0.0025
Unknown.Unknown,NA,0.0013,0.0015,0.0002
Unknown.Unknown,C,0,0.0046,0.0046
None.Recessive,D,0.0018,0.0052,0.0034
Unknown.None,C,0.0044,0.0064,0.002
Unknown.None,NA,0.0063,0.0279,0.0216
Unknown.Unknown,C,0.0009,0.0234,0.0225
Unknown.Dominant,D,0.0004,0.0009,0.0005
Recessive.Unknown,D,0.0006,0.0017,0.0011
Unknown.Unknown,D,0,0.002,0.002
Unknown.Unknown,C,0.0023,0.0035,0.0012
None.None,C,0.0017,0.0021,0.0004
Unknown.Unknown,C,0,0.0025,0.0025
Both.Dominant,C,0.0181,0.0243,0.0062
Both.Recessive,C,0,0.0049,0.0049
Unknown.Unknown,C,0,0.0026,0.0026
Unknown.Recessive,D,0.0008,0.001,0.0002
Unknown.None,NA,0.0063,0.0279,0.0216
Unknown.Unknown,D,0.0062,0.0098,0.0036
Unknown.Recessive,C,0,0.0022,0.0022
Recessive.Unknown,C,0.0006,0.001,0.0004
Recessive.Unknown,D,0.0037,0.0082,0.0045
Unknown.Unknown,D,0,0.1068,0.1068
Unknown.Unknown,C,0,0.0032,0.0032
Unknown.Both,D,0.0004,0.0015,0.0011
Unknown.Unknown,C,0.0011,0.0083,0.0072
Unknown.Unknown,C,0.0021,0.0024,0.0003
None.Unknown,D,0,0.0019,0.0019
Dominant.None,C,0.0008,0.0025,0.0017
Unknown.Unknown,C,0,0.0015,0.0015
Unknown.Unknown,C,0.0048,0.0082,0.0034
Unknown.Unknown,C,0,0.002,0.002
Dominant.None,C,0.0028,0.0051,0.0023
Both.Unknown,C,0.0038,0.0055,0.0017
Both.Unknown,C,0.004,0.027,0.023
Unknown.Unknown,D,0.001,0.0033,0.0023
Both.Dominant,C,0.0016,0.0017,9.99999999999998e-05
Unknown.Unknown,D,0.0053,0.0116,0.0063
Unknown.Unknown,D,0.0024,0.0191,0.0167
None.Unknown,C,0.0049,0.0053,0.0004
Dominant.Dominant,C,0.0008,0.0202,0.0194
Unknown.Both,D,0,0.0028,0.0028
Unknown.Unknown,C,0.0018,0.0126,0.0108
Unknown.Unknown,D,0.0023,0.0102,0.0079
Recessive.Unknown,C,0,0.0024,0.0024
Unknown.Unknown,D,0.0014,0.0028,0.0014
Dominant.Unknown,C,0,0.0012,0.0012
Dominant.Unknown,D,0.0006,0.0015,0.0009
Unknown.Unknown,C,0.0023,0.0061,0.0038
Unknown.None,NA,0.0063,0.0306,0.0243
Unknown.Unknown,C,0,0.0025,0.0025
None.Unknown,C,0,0.0019,0.0019
None.Dominant,D,0,0.003,0.003
Unknown.Unknown,D,0.0006,0.0017,0.0011
Recessive.Unknown,C,0.0008,0.0014,0.0006
Unknown.Unknown,NA,0.0021,0.0048,0.0027
Unknown.Unknown,C,0.004,0.0054,0.0014
Unknown.Unknown,C,0.0009,0.0026,0.0017
Unknown.NA,NA,0.0023,0.0375,0.0352
Unknown.Unknown,C,0.0008,0.0246,0.0238
Unknown.Recessive,D,0.0013,0.0022,0.0009
Unknown.Unknown,C,0.0007,0.0041,0.0034
None.Unknown,C,0.004,0.0159,0.0119
Unknown.Dominant,D,0.0044,0.0927,0.0883
Recessive.None,C,0.0049,0.0188,0.0139
Unknown.Unknown,C,0.0009,0.0159,0.015
Unknown.Recessive,C,0,0.0009,0.0009
Unknown.Recessive,C,0,0.0105,0.0105
None.None,C,0.0018,0.0052,0.0034
Both.Both,D,0.002,0.0054,0.0034
Unknown.None,C,0.0014,0.0092,0.0078
Unknown.Unknown,D,0.0013,0.0022,0.0009
Dominant.None,C,0.0185,0.0433,0.0248
Dominant.Unknown,D,0.001,0.0082,0.0072
Unknown.Recessive,C,0.0005,0.0006,9.99999999999999e-05
Unknown.Recessive,C,0.0057,0.0105,0.0048
None.Unknown,C,0.0053,0.3292,0.3239
Dominant.Unknown,C,0.0039,0.0558,0.0519
Unknown.None,C,0,0.0223,0.0223
Dominant.Unknown,C,0,0.001,0.001
Dominant.Unknown,C,0.0009,0.0015,0.0006
Unknown.Recessive,C,0.0014,0.0029,0.0015
Dominant.Recessive,D,0.0004,0.0096,0.0092
Both.Unknown,C,0.001,0.0031,0.0021
Unknown.Recessive,C,0.002,0.0026,0.0006
Dominant.Unknown,C,0,0.0027,0.0027
Dominant.Unknown,C,0.002,0.0056,0.0036
Unknown.Dominant,D,0,0.0161,0.0161
Unknown.Unknown,C,0.0012,0.0116,0.0104
Unknown.Unknown,NA,0,0.0013,0.0013
Both.Both,C,0.0181,0.0916,0.0735
Unknown.None,C,0.0023,0.0092,0.0069
None.Unknown,C,0.0064,0.0085,0.0021
Both.Dominant,D,0.0005,0.0006,9.99999999999999e-05
Dominant.Unknown,C,0,0.0272,0.0272
Unknown.Unknown,D,0,0.001,0.001
Dominant.Recessive,C,0.0021,0.0025,0.0004
Unknown.Unknown,D,0,0.0025,0.0025
Unknown.Unknown,C,0,0.0019,0.0019
Dominant.Unknown,D,0,0.0014,0.0014
Recessive.Both,C,0.0023,0.0145,0.0122
Unknown.Unknown,C,0.0175,0.1051,0.0876
Unknown.None,D,0,0.0021,0.0021
Unknown.Unknown,C,0.0018,0.0204,0.0186
None.Both,C,0.0012,0.0061,0.0049
Unknown.Unknown,C,0,0.0592,0.0592
Unknown.Unknown,C,0.0005,0.0047,0.0042
None.Unknown,D,0.0025,0.0041,0.0016
Dominant.Unknown,C,0,0.0022,0.0022
Unknown.Unknown,C,0.0014,0.0072,0.0058
Recessive.Recessive,D,0,0.0003,0.0003
Unknown.None,NA,0.0002,0.0102,0.01
Unknown.Recessive,C,0.0018,0.0522,0.0504
None.None,C,0.0027,0.0071,0.0044
Unknown.Unknown,C,0,0.0051,0.0051
Unknown.Unknown,C,0.0047,0.0135,0.0088
Unknown.Unknown,C,0.0012,0.0042,0.003
None.Dominant,C,0,0.0006,0.0006
Unknown.Unknown,C,0,0.0018,0.0018
Dominant.Dominant,D,0,0.0004,0.0004
Unknown.Unknown,C,0.0822,0.0992,0.017
None.Unknown,D,0.0016,0.0019,0.0003
Unknown.None,D,0.0012,0.0216,0.0204
Unknown.Unknown,C,0.0023,0.0068,0.0045
Dominant.Unknown,C,0,0.0271,0.0271
Recessive.Unknown,C,0.0006,0.0134,0.0128
Unknown.Unknown,D,0.0094,0.011,0.0016
None.Recessive,C,0.0025,0.0536,0.0511
Unknown.Unknown,C,0.0006,0.0073,0.0067
Unknown.Recessive,C,0.0008,0.0048,0.004
Both.Dominant,D,0,0.0596,0.0596
Dominant.Unknown,C,0,0.0114,0.0114
Unknown.Unknown,C,0,0.0011,0.0011
Unknown.Unknown,D,0.0062,0.007,0.0008
Unknown.Unknown,D,0.0041,0.1398,0.1357
None.Unknown,D,0,0.004,0.004
Unknown.Unknown,C,0,0.0233,0.0233
Dominant.Unknown,C,0.0009,0.0085,0.0076
Unknown.Recessive,C,0,0.0013,0.0013
Dominant.Dominant,NA,0.001,0.0101,0.0091
Unknown.Recessive,D,0.0023,0.003,0.0007
Dominant.Dominant,D,0.0043,0.0069,0.0026
Unknown.Unknown,C,0,0.0015,0.0015
Unknown.Unknown,C,0.0015,0.0092,0.0077
Unknown.None,C,0,0.0102,0.0102
Unknown.Unknown,C,0.0018,0.0335,0.0317
Unknown.Unknown,D,0.0132,0.0264,0.0132
Unknown.Unknown,D,0,0.0048,0.0048
Unknown.Unknown,C,0.0012,0.0111,0.0099
Recessive.Unknown,D,0.0039,0.0206,0.0167
Both.Unknown,D,0.0025,0.0043,0.0018
Unknown.Unknown,C,0.0012,0.004,0.0028
Unknown.None,D,0,0.0715,0.0715
Recessive.Recessive,C,0.0027,0.0086,0.0059
Both.Dominant,C,0.0034,0.0057,0.0023
Unknown.Both,D,0.0031,0.0032,0.0001
Dominant.Unknown,C,0.0005,0.002,0.0015
Unknown.Unknown,C,0.0007,0.002,0.0013
Dominant.Unknown,D,0.0018,0.03,0.0282
Unknown.Unknown,D,0.001,0.0038,0.0028
Unknown.Unknown,C,0.0087,0.1982,0.1895
Unknown.Both,D,0.0062,0.07,0.0638
None.Dominant,D,0,0.0067,0.0067
Unknown.Unknown,C,0.0018,0.0027,0.0009
Dominant.None,NA,0.0456,0.128,0.0824
None.None,D,0,0.0161,0.0161
None.Unknown,C,0,0.0008,0.0008
Unknown.Unknown,C,0,0.0041,0.0041
Unknown.Unknown,C,0.0018,0.0404,0.0386
Unknown.Unknown,D,0.0015,0.0026,0.0011
Dominant.None,NA,0,0.0038,0.0038
Unknown.Unknown,C,0.003,0.0065,0.0035
None.Recessive,D,0.0007,0.0061,0.0054
Unknown.Both,C,0.0011,0.0102,0.0091
Recessive.None,C,0,0.008,0.008
Unknown.Unknown,C,0,0.0034,0.0034
Unknown.None,NA,0.0025,0.0067,0.0042
Recessive.None,C,0.0031,0.0049,0.0018
Recessive.Unknown,C,0,0.0021,0.0021
Unknown.Unknown,C,0.0007,0.0009,0.0002
Unknown.Unknown,D,0.0026,0.0054,0.0028
Dominant.Unknown,D,0.0017,0.0136,0.0119
Unknown.Unknown,D,0.0008,0.0024,0.0016
Dominant.Unknown,C,0.0009,0.0016,0.0007
Unknown.Unknown,C,0.0011,0.0039,0.0028
Unknown.Recessive,C,0.0006,0.001,0.0004
Unknown.Unknown,D,0.0038,0.0043,0.0005
Unknown.Recessive,C,0.0006,0.0036,0.003
Dominant.Unknown,C,0.0011,0.0012,9.99999999999998e-05
Dominant.Unknown,C,0.0006,0.0026,0.002
Unknown.Dominant,C,0.0005,0.0017,0.0012
Both.Unknown,D,0.0049,0.0099,0.005
Dominant.Unknown,C,0.0008,0.0025,0.0017
Unknown.Dominant,C,0,0.0309,0.0309
Unknown.Unknown,D,0.002,0.0023,0.0003
Unknown.Unknown,C,0.0024,0.003,0.0006
Unknown.Dominant,D,0.0028,0.0175,0.0147
Unknown.Unknown,C,0.0007,0.0012,0.0005
Both.Both,C,0.0009,0.001,0.0001
Unknown.Unknown,D,0.0019,0.0472,0.0453
Unknown.Recessive,C,0,0.0522,0.0522
Unknown.None,C,0.0056,0.0064,0.0008
Both.Recessive,C,0.0022,0.0068,0.0046
Unknown.Unknown,C,0.0014,0.0155,0.0141
Unknown.Unknown,C,0,0.0039,0.0039
None.Unknown,D,0.0562,0.0656,0.00940000000000001
Unknown.Unknown,D,0,0.0008,0.0008
Dominant.Unknown,D,0.0007,0.0008,0.0001
Unknown.Unknown,C,0,0.0057,0.0057
Unknown.Unknown,C,0.0021,0.0109,0.0088
None.Unknown,C,0.0006,0.0081,0.0075
Dominant.Both,C,0.001,0.0037,0.0027
Unknown.Unknown,C,0,0.0016,0.0016
Unknown.Unknown,C,0.0019,0.0036,0.0017
Unknown.Unknown,C,0.0014,0.0184,0.017
Unknown.Dominant,D,0.0016,0.0196,0.018
Unknown.Unknown,D,0,0.0018,0.0018
Unknown.Dominant,C,0.001,0.0179,0.0169
Unknown.None,C,0,0.0013,0.0013
Unknown.Unknown,C,0.0015,0.0033,0.0018
Unknown.Unknown,C,0.0022,0.0029,0.0007
Recessive.Recessive,D,0.0028,0.0633,0.0605
Unknown.Unknown,D,0.0012,0.0025,0.0013
Recessive.Unknown,C,0.001,0.0052,0.0042
None.None,C,0.0005,0.0017,0.0012
Unknown.Unknown,C,0.0009,0.0013,0.0004
Unknown.Unknown,D,0.0035,0.0223,0.0188
Recessive.Unknown,C,0.0019,0.0072,0.0053
Unknown.Unknown,NA,0.0012,0.0245,0.0233
Recessive.Recessive,C,0,0.0031,0.0031
Unknown.None,NA,0.0063,0.0259,0.0196
Unknown.Unknown,D,0.0013,0.0169,0.0156
Unknown.Dominant,D,0,0.0068,0.0068
Unknown.None,C,0,0.001,0.001
Unknown.None,C,0,0.0161,0.0161
Unknown.Recessive,C,0.001,0.0024,0.0014
Recessive.Recessive,D,0.0017,0.0019,0.0002
Unknown.Unknown,C,0.0012,0.0091,0.0079
Unknown.Recessive,C,0.0017,0.0026,0.0009
Unknown.Recessive,D,0.0033,0.0068,0.0035
None.None,D,0.0025,0.0033,0.0008
Unknown.Unknown,D,0,0.0011,0.0011
Unknown.Recessive,D,0.0071,0.0374,0.0303
Unknown.Unknown,C,0,0.0048,0.0048
Unknown.Unknown,C,0,0.0098,0.0098
None.None,D,0.0026,0.0091,0.0065
Unknown.Unknown,C,0,0.0024,0.0024
Dominant.Unknown,D,0.0033,0.006,0.0027
Unknown.Unknown,D,0.007,0.0449,0.0379
Unknown.Unknown,C,0.0007,0.0054,0.0047
None.Unknown,D,0.0014,0.0021,0.0007
Recessive.Dominant,C,0.0027,0.0191,0.0164
Recessive.Unknown,C,0.0025,0.0289,0.0264
Unknown.Recessive,D,0,0.0051,0.0051
Unknown.Recessive,C,0,0.0034,0.0034
Unknown.Unknown,C,0.0013,0.0103,0.009
Unknown.Recessive,D,0,0.0026,0.0026
Unknown.Dominant,C,0,0.0762,0.0762
Unknown.Unknown,C,0.0018,0.1982,0.1964
Unknown.Unknown,C,0.0007,0.0019,0.0012
Unknown.Unknown,D,0.0071,0.011,0.0039
Unknown.Unknown,D,0.0016,0.0022,0.0006
Both.Recessive,D,0.0023,0.0106,0.0083
None.Dominant,D,0,0.005,0.005
Unknown.Unknown,C,0.0015,0.0066,0.0051
Dominant.Unknown,C,0.0044,0.0274,0.023
Unknown.None,C,0.0016,0.0026,0.001
Unknown.Unknown,C,0.0029,0.0055,0.0026
None.Unknown,C,0.0053,0.3292,0.3239
None.None,C,0,0.0012,0.0012
Unknown.Recessive,C,0.0018,0.0086,0.0068
Unknown.Unknown,D,0,0.0007,0.0007
Unknown.Unknown,C,0.0019,0.0043,0.0024
Dominant.Unknown,D,0.0022,0.0406,0.0384
Recessive.Dominant,D,0.0226,0.0372,0.0146
Dominant.Unknown,D,0,0.013,0.013
Recessive.Unknown,D,0.0015,0.0242,0.0227
Unknown.Unknown,D,0.0034,0.0136,0.0102
Unknown.Unknown,NA,0.0011,0.0014,0.0003
Unknown.Unknown,C,0.0043,0.0045,0.0002
Recessive.Recessive,C,0.0045,0.0089,0.0044
Unknown.Recessive,D,0.0015,0.0022,0.0007
Unknown.Recessive,C,0.0008,0.0015,0.0007
Unknown.Unknown,C,0.0011,0.0226,0.0215
None.Unknown,NA,0.0021,0.0023,0.0002
Unknown.None,C,0,0.0181,0.0181
Dominant.None,C,0.0003,0.0084,0.0081
Unknown.Unknown,C,0,0.0022,0.0022
Unknown.Unknown,D,0,0.0077,0.0077
Recessive.Unknown,C,0.0014,0.004,0.0026
Recessive.Recessive,C,0.0032,0.0038,0.0006
Unknown.None,NA,0.0063,0.0287,0.0224
Unknown.Unknown,C,0,0.0208,0.0208
Both.Unknown,D,0,0.0373,0.0373
Unknown.Dominant,C,0.0008,0.001,0.0002
Unknown.Unknown,C,0,0.0039,0.0039
Unknown.Unknown,C,0.0006,0.0083,0.0077
Unknown.Unknown,NA,0.003,0.0031,9.99999999999998e-05
Dominant.Unknown,D,0.0014,0.0049,0.0035
Unknown.None,C,0,0.0016,0.0016
Unknown.Unknown,NA,0.0064,0.0096,0.0032
Unknown.Unknown,NA,0.001,0.0023,0.0013
Unknown.Unknown,C,0.0018,0.0135,0.0117
Recessive.Recessive,D,0.0018,0.0173,0.0155
Dominant.Unknown,D,0,0.001,0.001
Unknown.Unknown,C,0.0016,0.0021,0.0005
Unknown.None,D,0,0.003,0.003
None.Unknown,D,0,0.0014,0.0014
Unknown.None,C,0,0.0187,0.0187
Dominant.Dominant,NA,0,0.0101,0.0101
Unknown.Unknown,C,0.0005,0.0015,0.001
Recessive.Recessive,D,0.0005,0.0016,0.0011
Dominant.Recessive,C,0,0.0017,0.0017
Both.Dominant,D,0.0029,0.0045,0.0016
Dominant.Unknown,C,0.0096,0.0109,0.0013
Unknown.Unknown,C,0.002,0.0024,0.0004
Unknown.Unknown,C,0,0.0008,0.0008
Unknown.Unknown,NA,0,0.0011,0.0011
Unknown.Unknown,D,0.0022,0.0348,0.0326
Unknown.Unknown,C,0.0045,0.0186,0.0141
Unknown.Dominant,D,0.002,0.0074,0.0054
None.Unknown,C,0,0.0013,0.0013
Unknown.Unknown,C,0.0048,0.0273,0.0225
None.Unknown,C,0.002,0.0167,0.0147
Unknown.Unknown,D,0.0018,0.0056,0.0038
Unknown.Unknown,C,0.0015,0.0041,0.0026
Unknown.Unknown,C,0.0022,0.0026,0.0004
None.Recessive,D,0.0029,0.0055,0.0026
None.None,C,0.0005,0.0023,0.0018
Unknown.Unknown,C,0.0014,0.0071,0.0057
Unknown.Unknown,C,0.0036,0.0071,0.0035
Unknown.None,C,0.0041,0.0064,0.0023
Unknown.Unknown,C,0.0138,0.0392,0.0254
Recessive.None,C,0.0025,0.0035,0.001
Dominant.Unknown,C,0,0.0013,0.0013
Unknown.Recessive,D,0.0006,0.001,0.0004
Recessive.Unknown,C,0.0009,0.0018,0.0009
Unknown.Unknown,C,0.0017,0.003,0.0013
None.Unknown,C,0,0.0177,0.0177
Unknown.Unknown,D,0.0021,0.0035,0.0014
Unknown.Unknown,C,0.0015,0.0073,0.0058
Unknown.None,C,0.0023,0.0027,0.0004
Unknown.Recessive,D,0.0043,0.1087,0.1044
Unknown.Unknown,D,0,0.0029,0.0029
Unknown.Unknown,C,0.001,0.0012,0.0002
None.Both,C,0.0039,0.0076,0.0037
Unknown.Unknown,C,0.001,0.0316,0.0306
Dominant.Recessive,C,0,0.0029,0.0029
Unknown.Dominant,C,0.0031,0.0051,0.002
Unknown.Unknown,C,0.011,0.0264,0.0154
Unknown.Unknown,D,0.0135,0.0136,9.99999999999994e-05
Unknown.Unknown,C,0.0022,0.0035,0.0013
Unknown.None,D,0,0.0021,0.0021
Unknown.Both,C,0.0011,0.0015,0.0004
Recessive.Unknown,C,0.0007,0.003,0.0023
Unknown.Unknown,D,0,0.0017,0.0017
Unknown.Unknown,C,0.0016,0.0027,0.0011
Dominant.Recessive,C,0.0003,0.0033,0.003
Dominant.Recessive,D,0.0022,0.0023,9.99999999999998e-05
Unknown.Dominant,D,0.0005,0.0016,0.0011
Unknown.Recessive,C,0,0.0029,0.0029
Unknown.Unknown,D,0.004,0.0044,0.0004
Unknown.Unknown,NA,0,0.0034,0.0034
Recessive.None,D,0.0009,0.0031,0.0022
Recessive.Recessive,D,0.0012,0.0021,0.0009
Recessive.Unknown,C,0.002,0.042,0.04
Dominant.Dominant,C,0,0.0175,0.0175
Recessive.Unknown,C,0.0115,0.0204,0.0089
None.None,D,0.0009,0.001,0.0001
Unknown.Unknown,C,0.0035,0.0094,0.0059
Unknown.Unknown,C,0,0.0011,0.0011
Dominant.Dominant,D,0.0025,0.0043,0.0018
Unknown.Unknown,NA,0.0125,0.035,0.0225
Recessive.Unknown,C,0.0008,0.0017,0.0009
Unknown.Unknown,D,0.0004,0.026,0.0256
Unknown.None,NA,0,0.0027,0.0027
Unknown.Unknown,C,0,0.0329,0.0329
Unknown.Unknown,D,0.0006,0.0032,0.0026
None.None,C,0.0013,0.0027,0.0014
Dominant.Unknown,C,0.0038,0.0781,0.0743
Unknown.Dominant,D,0.0049,0.0179,0.013
Unknown.Unknown,C,0.0005,0.0083,0.0078
Unknown.Unknown,D,0.0009,0.0089,0.008
Recessive.Unknown,C,0,0.0112,0.0112
Recessive.Unknown,C,0.0006,0.0073,0.0067
Unknown.Unknown,C,0.0022,0.0226,0.0204
Unknown.Unknown,D,0.002,0.0025,0.0005
Dominant.Both,C,0.0016,0.0077,0.0061
Unknown.None,C,0.0018,0.0147,0.0129
Recessive.Recessive,D,0.0011,0.0062,0.0051
Unknown.Unknown,C,0.0025,0.011,0.0085
Recessive.Unknown,C,0.001,0.0075,0.0065
Unknown.Unknown,C,0.0025,0.0074,0.0049
Unknown.Unknown,NA,0.0014,0.002,0.0006
Both.Unknown,C,0.0049,0.0088,0.0039
Unknown.Recessive,D,0.0014,0.0052,0.0038
Unknown.Recessive,C,0.0019,0.0105,0.0086
Dominant.Dominant,C,0.0043,0.0464,0.0421
Unknown.None,D,0.018,0.2229,0.2049
Unknown.Unknown,C,0,0.0017,0.0017
Unknown.Unknown,C,0.0053,0.0075,0.0022
None.Unknown,D,0.0029,0.0047,0.0018
Dominant.Unknown,C,0,0.0027,0.0027
Both.None,NA,0,0.0048,0.0048
Unknown.Unknown,D,0,0.0164,0.0164
Unknown.Unknown,D,0,0.0116,0.0116
Dominant.Unknown,C,0,0.003,0.003
Unknown.Dominant,D,0,0.0022,0.0022
Dominant.Dominant,D,0.0023,0.0035,0.0012
Dominant.Recessive,D,0,0.0009,0.0009
Unknown.Unknown,NA,0.0008,0.0022,0.0014
Recessive.Unknown,C,0,0.0339,0.0339
Unknown.Unknown,C,0.0026,0.1073,0.1047
Unknown.Unknown,C,0.0008,0.0009,9.99999999999999e-05
Unknown.None,C,0,0.0026,0.0026
Both.Both,C,0.0009,0.003,0.0021
Unknown.Unknown,D,0.0016,0.0056,0.004
Recessive.Unknown,C,0,0.0014,0.0014
Recessive.None,C,0,0.0029,0.0029
Unknown.Unknown,C,0.0016,0.003,0.0014
Unknown.Unknown,NA,0.0033,0.0041,0.0008
Dominant.None,C,0,0.0022,0.0022
Unknown.None,C,0,0.0023,0.0023
Unknown.Dominant,C,0.0009,0.0179,0.017
Unknown.None,D,0.001,0.0136,0.0126
Recessive.None,C,0.0025,0.0033,0.0008
None.None,C,0.0005,0.0013,0.0008
Dominant.Unknown,C,0.0009,0.0014,0.0005
Recessive.None,NA,0.0111,0.018,0.0069
Unknown.Unknown,NA,0,0.001,0.001
Unknown.Unknown,C,0.0011,0.0014,0.0003
Unknown.Unknown,C,0.0046,0.0787,0.0741
Dominant.Both,C,0.002,0.0061,0.0041
Unknown.Unknown,D,0,0.0036,0.0036
Unknown.Unknown,C,0.001,0.0022,0.0012
Unknown.Unknown,C,0.0017,0.0092,0.0075
Recessive.Unknown,C,0.0026,0.037,0.0344
Unknown.None,C,0.0034,0.0092,0.0058
Unknown.None,NA,0.0063,0.0508,0.0445
Unknown.None,C,0,0.0012,0.0012
Unknown.Unknown,C,0.0003,0.0143,0.014
Unknown.Unknown,D,0,0.0011,0.0011
None.Unknown,D,0.0036,0.0039,0.0003
Unknown.Dominant,C,0.0015,0.1268,0.1253
Unknown.Unknown,C,0.0059,0.011,0.0051
None.Unknown,C,0.0035,0.0062,0.0027
Unknown.Unknown,D,0,0.0523,0.0523
Unknown.Unknown,D,0.0085,0.0849,0.0764
None.None,D,0.0001,0.0047,0.0046
Unknown.None,C,0.0056,0.0057,0.0001
Unknown.None,C,0.0016,0.0029,0.0013
Recessive.Both,C,0.0039,0.0057,0.0018
Unknown.Unknown,D,0.0043,0.0256,0.0213
Unknown.Unknown,C,0.0005,0.0135,0.013
Unknown.Unknown,C,0.0014,0.0102,0.0088
None.None,C,0,0.0027,0.0027
Unknown.Unknown,D,0,0.003,0.003
Unknown.Unknown,C,0.0025,0.044,0.0415
Unknown.Unknown,C,0.001,0.004,0.003
Unknown.Unknown,D,0,0.0061,0.0061
Unknown.Unknown,C,0.0011,0.0012,9.99999999999998e-05
Unknown.Recessive,C,0,0.0038,0.0038
Both.None,NA,0.0007,0.0012,0.0005
Unknown.Unknown,C,0.0086,0.0691,0.0605
None.None,C,0,0.0025,0.0025
Recessive.Unknown,C,0.0026,0.0047,0.0021
Dominant.Unknown,D,0,0.0008,0.0008
Unknown.Unknown,C,0.0058,0.0094,0.0036
Unknown.Unknown,C,0,0.0024,0.0024
Unknown.Unknown,C,0.0025,0.0078,0.0053
Unknown.Unknown,D,0,0.0029,0.0029
Dominant.Unknown,C,0.0004,0.002,0.0016
Unknown.Dominant,C,0,0.0065,0.0065
Unknown.Unknown,D,0.0012,0.0023,0.0011
Dominant.Dominant,C,0,0.001,0.001
Unknown.Unknown,C,0.001,0.0075,0.0065
Recessive.Recessive,C,0.0003,0.0049,0.0046
Recessive.Unknown,C,0.0014,0.0304,0.029
Unknown.Unknown,D,0.0031,0.0067,0.0036
None.Unknown,NA,0.0013,0.0021,0.0008
None.None,D,0.0011,0.0049,0.0038
Recessive.Unknown,C,0.0044,0.0204,0.016
Recessive.None,C,0,0.0092,0.0092
Unknown.Unknown,C,0.001,0.0033,0.0023
Dominant.Unknown,C,0,0.0039,0.0039
Unknown.Unknown,C,0.0007,0.0341,0.0334
Dominant.Dominant,D,0.0006,0.0009,0.0003
Unknown.Unknown,C,0,0.0009,0.0009
Unknown.Unknown,C,0.0009,0.0021,0.0012
Dominant.Unknown,C,0.0009,0.004,0.0031
None.Unknown,C,0.0045,0.0055,0.001
Unknown.Recessive,C,0,0.0039,0.0039
Recessive.Unknown,D,0,0.0032,0.0032
Dominant.Unknown,C,0,0.003,0.003
Unknown.Unknown,C,0.0006,0.0013,0.0007
Unknown.None,NA,0.0063,0.0341,0.0278
None.Dominant,D,0.0005,0.0026,0.0021
Unknown.Unknown,C,0,0.0012,0.0012
Unknown.None,D,0.0016,0.0059,0.0043
Dominant.None,C,0.0018,0.0052,0.0034
Unknown.Unknown,C,0.0013,0.0085,0.0072
None.Unknown,D,0.0038,0.0063,0.0025
None.Unknown,C,0.0008,0.0196,0.0188
Unknown.Unknown,D,0.0029,0.0089,0.006
Unknown.Unknown,C,0.0018,0.0076,0.0058
Unknown.Unknown,C,0.001,0.0038,0.0028
Unknown.Unknown,C,0,0.0013,0.0013
Recessive.Unknown,NA,0,0.0023,0.0023
Unknown.Unknown,D,0,0.0514,0.0514
Unknown.Unknown,D,0,0.0031,0.0031
Dominant.None,NA,0.0025,0.0042,0.0017
Dominant.Unknown,C,0,0.0063,0.0063
Unknown.Unknown,C,0,0.0024,0.0024
Dominant.Dominant,C,0.0037,0.0127,0.009
None.Unknown,D,0.0025,0.0151,0.0126
Dominant.Dominant,D,0.0027,0.0075,0.0048
Unknown.Recessive,C,0.0026,0.0063,0.0037
Unknown.Unknown,C,0,0.022,0.022
Unknown.None,C,0,0.026,0.026
Unknown.Unknown,C,0.0004,0.001,0.0006
Unknown.Unknown,C,0,0.0396,0.0396
Unknown.Unknown,C,0.0044,0.009,0.0046
Unknown.Unknown,C,0.004,0.016,0.012
Recessive.None,C,0.0028,0.0029,9.99999999999998e-05
Unknown.Unknown,C,0.002,0.0027,0.0007
Unknown.Unknown,D,0.0055,0.0151,0.0096
Unknown.Unknown,D,0.0019,0.0023,0.0004
Unknown.Unknown,C,0.0015,0.0042,0.0027
Unknown.Unknown,D,0.0018,0.0025,0.0007
None.Unknown,C,0.0018,0.0143,0.0125
Dominant.Dominant,C,0.0012,0.0069,0.0057
Unknown.Unknown,C,0.0023,0.0135,0.0112
Recessive.Unknown,C,0.0013,0.0029,0.0016
Unknown.Unknown,D,0.0017,0.0033,0.0016
Unknown.Unknown,D,0.0018,0.0173,0.0155
Unknown.Unknown,C,0.0005,0.0023,0.0018
Dominant.Recessive,C,0.0008,0.0441,0.0433
Both.Unknown,C,0.004,0.0084,0.0044
Dominant.None,C,0,0.0012,0.0012
Unknown.Unknown,C,0.0012,0.0022,0.001
Unknown.Unknown,D,0.0011,0.0059,0.0048
Recessive.Unknown,C,0.0035,0.0055,0.002
Unknown.Unknown,C,0.007,0.0098,0.0028
Unknown.None,C,0.0011,0.0073,0.0062
Dominant.Both,C,0.0007,0.0016,0.0009
Unknown.Recessive,C,0.0051,0.0052,9.99999999999994e-05
Unknown.Unknown,C,0,0.0201,0.0201
Unknown.Unknown,C,0.0088,0.0208,0.012
Recessive.Recessive,D,0.0018,0.0026,0.0008
Recessive.Recessive,NA,0.0023,0.0033,0.001
Unknown.Unknown,D,0.003,0.0033,0.0003
Unknown.Dominant,D,0,0.0029,0.0029
Unknown.None,D,0.0014,0.0015,0.0001
Unknown.Unknown,C,0.0018,0.0074,0.0056
None.Dominant,D,0,0.0014,0.0014
None.Unknown,C,0,0.0442,0.0442
Unknown.Unknown,C,0.0029,0.0114,0.0085
Recessive.None,D,0.0027,0.0081,0.0054
Unknown.Recessive,D,0.0004,0.0011,0.0007
Dominant.Unknown,C,0,0.0013,0.0013
Unknown.Unknown,D,0.0033,0.0055,0.0022
Unknown.Unknown,C,0.0009,0.0024,0.0015
Unknown.Unknown,C,0.0018,0.0081,0.0063
Recessive.Recessive,C,0.0015,0.004,0.0025
Unknown.Recessive,C,0,0.007,0.007
Unknown.Unknown,C,0.0006,0.0047,0.0041
Unknown.Unknown,D,0,0.0015,0.0015
Unknown.Unknown,C,0,0.0093,0.0093
Both.Unknown,C,0.0427,0.1039,0.0612
Unknown.Unknown,C,0.0005,0.007,0.0065
Unknown.Unknown,C,0.0026,0.0094,0.0068
None.None,C,0,0.0042,0.0042
Unknown.Recessive,C,0.0009,0.0036,0.0027
None.None,C,0,0.0011,0.0011
Both.Dominant,D,0.0014,0.0025,0.0011
Unknown.Unknown,D,0,0.0215,0.0215
Recessive.Both,C,0.0035,0.0043,0.0008
Unknown.Unknown,C,0,0.0009,0.0009
Unknown.Unknown,C,0.0011,0.0018,0.0007
Unknown.Unknown,C,0.006,0.0083,0.0023
Unknown.None,C,0,0.0037,0.0037
Unknown.Unknown,C,0.0012,0.0072,0.006
Unknown.None,C,0.0063,0.048,0.0417
Unknown.Unknown,D,0.0022,0.0049,0.0027
Recessive.Unknown,D,0.0017,0.0148,0.0131
Unknown.Unknown,D,0.0005,0.0605,0.06
Unknown.None,C,0.0004,0.0074,0.007
None.Unknown,D,0,0.0017,0.0017
Unknown.None,D,0.0013,0.0022,0.0009
None.Unknown,C,0.0015,0.003,0.0015
Dominant.Unknown,C,0.0013,0.044,0.0427
Unknown.Unknown,C,0,0.005,0.005
Unknown.Unknown,C,0.0073,0.0095,0.0022
Unknown.Unknown,D,0.0055,0.009,0.0035
Dominant.Unknown,C,0.0009,0.0013,0.0004
Unknown.Unknown,C,0.0016,0.003,0.0014
Unknown.Dominant,C,0.0021,0.0048,0.0027
Dominant.Dominant,C,0.0007,0.0034,0.0027
Unknown.Unknown,C,0,0.0016,0.0016
Unknown.Unknown,C,0,0.001,0.001
Dominant.Unknown,C,0.0022,0.0279,0.0257
Unknown.Recessive,C,0.0021,0.0033,0.0012
None.Dominant,D,0.0008,0.0185,0.0177
Recessive.Unknown,C,0,0.0007,0.0007
None.Unknown,C,0,0.0013,0.0013
Unknown.Unknown,C,0,0.0024,0.0024
Both.Unknown,C,0.0021,0.0044,0.0023
Dominant.Recessive,D,0.0011,0.0012,9.99999999999998e-05
Both.Recessive,C,0.002,0.004,0.002
Recessive.Unknown,D,0.0016,0.0348,0.0332
Unknown.Unknown,C,0,0.0187,0.0187
Unknown.Unknown,D,0.0116,0.0912,0.0796
None.Unknown,D,0.0012,0.0025,0.0013
Unknown.Unknown,C,0.0011,0.004,0.0029
Unknown.Unknown,C,0.0007,0.0171,0.0164
Unknown.Unknown,C,0.0023,0.0042,0.0019
Unknown.None,C,0,0.0116,0.0116
Recessive.Unknown,C,0.0014,0.006,0.0046
Unknown.Unknown,C,0,0.0032,0.0032
Unknown.Unknown,D,0,0.007,0.007
Unknown.Unknown,C,0.0013,0.0029,0.0016
Unknown.Unknown,C,0,0.0026,0.0026
None.Recessive,C,0.0027,0.0038,0.0011
Unknown.Recessive,D,0.0005,0.0018,0.0013
Unknown.None,C,0.0009,0.002,0.0011
Unknown.Unknown,D,0.0072,0.0216,0.0144
Unknown.Unknown,NA,0.0015,0.0069,0.0054
Unknown.Recessive,C,0.0024,0.0063,0.0039
Dominant.Dominant,C,0,0.0014,0.0014
Unknown.Unknown,C,0.0021,0.0024,0.0003
Unknown.Unknown,C,0,0.0059,0.0059
Unknown.Both,C,0.0009,0.0448,0.0439
None.Unknown,D,0.0019,0.003,0.0011
Dominant.Dominant,C,0.0038,0.036,0.0322
Unknown.Unknown,D,0.0014,0.0026,0.0012
Unknown.Both,C,0.0077,0.0116,0.0039
Unknown.Dominant,C,0,0.0024,0.0024
Unknown.None,NA,0.0063,0.0279,0.0216
Unknown.None,D,0,0.0013,0.0013
Unknown.Recessive,D,0,0.0211,0.0211
Unknown.Unknown,C,0.0007,0.0009,0.0002
Unknown.Dominant,C,0.0049,0.0051,0.000200000000000001
Unknown.Unknown,D,0.0055,0.0111,0.0056
Unknown.None,C,0,0.0298,0.0298
Recessive.Recessive,NA,0.002,0.0034,0.0014
Recessive.Unknown,NA,0,0.0117,0.0117
Unknown.Unknown,D,0.0084,0.0477,0.0393
Unknown.Both,C,0.007,0.07,0.063
Unknown.Unknown,C,0,0.0009,0.0009
Dominant.Both,C,0.0022,0.0049,0.0027
Dominant.Unknown,D,0,0.0015,0.0015
Dominant.Unknown,C,0.001,0.008,0.007
Unknown.None,C,0.0014,0.0019,0.0005
Dominant.Unknown,D,0.0018,0.0079,0.0061
Unknown.Unknown,C,0.0026,0.004,0.0014
Unknown.Unknown,C,0.0006,0.0033,0.0027
Recessive.None,C,0,0.0025,0.0025
Unknown.Unknown,D,0,0.0013,0.0013
Dominant.Unknown,C,0,0.0051,0.0051
Unknown.Recessive,D,0.0025,0.0031,0.0006
Both.Both,C,0.0015,0.0097,0.0082
Unknown.Unknown,C,0,0.1047,0.1047
Unknown.Unknown,C,0.0011,0.0201,0.019
Recessive.Unknown,NA,0.0008,0.0329,0.0321
Dominant.Recessive,D,0.0018,0.1926,0.1908
Recessive.Unknown,C,0,0.0014,0.0014
Unknown.Unknown,C,0.0007,0.0205,0.0198
Recessive.Recessive,D,0.0035,0.0064,0.0029
Unknown.Dominant,C,0.0007,0.0015,0.0008
Unknown.None,NA,0.0111,0.0501,0.039
Recessive.None,C,0.001,0.0018,0.0008
Unknown.None,C,0.0009,0.0206,0.0197
Dominant.Dominant,C,0,0.0004,0.0004
Unknown.Unknown,C,0.0014,0.0015,0.0001
Unknown.Unknown,C,0.0063,0.0102,0.0039
Unknown.Dominant,C,0.0019,0.0035,0.0016
Unknown.Unknown,C,0.0008,0.0027,0.0019
Unknown.Unknown,C,0.0018,0.0051,0.0033
Unknown.Unknown,C,0,0.0087,0.0087
Unknown.Dominant,D,0.0007,0.0011,0.0004
Unknown.Unknown,D,0.0009,0.022,0.0211
Unknown.Unknown,C,0,0.0136,0.0136
None.Unknown,D,0.0008,0.0015,0.0007
Unknown.Unknown,C,0.0017,0.0042,0.0025
Unknown.Unknown,D,0.0024,0.0274,0.025
Unknown.Unknown,C,0,0.002,0.002
Unknown.Dominant,D,0.0014,0.0016,0.0002
Unknown.Unknown,C,0.0007,0.0015,0.0008
Unknown.Unknown,C,0,0.0034,0.0034
Dominant.Dominant,C,0,0.0007,0.0007
Unknown.Dominant,D,0.0043,0.0175,0.0132
Unknown.Unknown,C,0,0.0102,0.0102
Both.None,C,0,0.0048,0.0048
Dominant.Unknown,C,0.0008,0.0049,0.0041
Unknown.Unknown,C,0.0023,0.0136,0.0113
Unknown.Recessive,D,0.0008,0.0027,0.0019
Unknown.Recessive,D,0.0014,0.009,0.0076
Unknown.Dominant,NA,0.0011,0.0127,0.0116
Unknown.None,D,0.0026,0.0033,0.0007
Both.Both,C,0.0041,0.0043,0.0002
Dominant.Both,C,0.0019,0.0032,0.0013
Unknown.Unknown,D,0,0.0011,0.0011
Unknown.Unknown,C,0.0023,0.0058,0.0035
Unknown.Unknown,C,0,0.0027,0.0027
Unknown.Dominant,C,0,0.0138,0.0138
None.Recessive,C,0.0011,0.0245,0.0234
Dominant.Dominant,C,0.0003,0.0011,0.0008
Dominant.Dominant,D,0.0006,0.0133,0.0127
Unknown.Unknown,C,0.0023,0.1571,0.1548
Dominant.Recessive,D,0.0057,0.0108,0.0051
Unknown.Unknown,D,0,0.0011,0.0011
Recessive.Unknown,C,0.0025,0.0062,0.0037
Unknown.None,D,0,0.0108,0.0108
Unknown.Recessive,D,0,0.0005,0.0005
Unknown.Unknown,C,0,0.0029,0.0029
Unknown.Dominant,D,0,0.0007,0.0007
Dominant.None,C,0.0025,0.0062,0.0037
Both.Dominant,D,0.0016,0.0175,0.0159
Unknown.Unknown,NA,0.0005,0.0012,0.0007
Unknown.Unknown,C,0.0013,0.0278,0.0265
None.Unknown,D,0.0119,0.0291,0.0172
Unknown.Unknown,D,0,0.0172,0.0172
Both.Recessive,D,0.0005,0.001,0.0005
Unknown.Unknown,D,0.0043,0.0057,0.0014
Unknown.Unknown,D,0.0009,0.0014,0.0005
Unknown.Unknown,C,0.0016,0.0028,0.0012
Unknown.Unknown,D,0.0013,0.0049,0.0036
Unknown.Unknown,D,0.0021,0.0027,0.0006
Unknown.Unknown,D,0,0.001,0.001
Unknown.Unknown,C,0.0006,0.0191,0.0185
Dominant.None,C,0,0.0007,0.0007
Unknown.Unknown,C,0.0009,0.0592,0.0583
Unknown.Unknown,C,0.0088,0.0266,0.0178
Unknown.None,NA,0.0063,0.0268,0.0205
Unknown.Unknown,D,0,0.0063,0.0063
None.Recessive,C,0.0012,0.2063,0.2051
None.Recessive,C,0,0.0135,0.0135
Unknown.Recessive,C,0.0018,0.0019,0.0001
Unknown.Unknown,C,0,0.0027,0.0027
Dominant.Recessive,C,0,0.003,0.003
Unknown.Unknown,C,0.0009,0.0018,0.0009
Unknown.Unknown,D,0,0.002,0.002
Dominant.Both,C,0.0005,0.0016,0.0011
Unknown.Unknown,C,0,0.0004,0.0004
Unknown.Unknown,C,0,0.013,0.013
Unknown.Unknown,C,0.0006,0.0024,0.0018
Unknown.Unknown,D,0.0005,0.0011,0.0006
Unknown.Recessive,D,0.0077,0.0226,0.0149
Unknown.Unknown,D,0,0.0035,0.0035
Both.Unknown,D,0.0017,0.0043,0.0026
Unknown.Unknown,C,0.0059,0.0078,0.0019
Unknown.None,NA,0.0063,0.0279,0.0216
None.Recessive,C,0.0011,0.0014,0.0003
None.Unknown,D,0,0.0004,0.0004
None.Unknown,C,0.0025,0.0107,0.0082
Recessive.Both,D,0.0013,0.002,0.0007
Unknown.Unknown,D,0,0.0106,0.0106
Unknown.Unknown,C,0,0.0009,0.0009
Unknown.None,C,0,0.0041,0.0041
Unknown.Unknown,C,0,0.0081,0.0081
Dominant.Unknown,C,0.0007,0.0008,0.0001
Unknown.Dominant,NA,0.0023,0.0158,0.0135
Unknown.Unknown,C,0.0071,0.0078,0.000699999999999999
Recessive.Unknown,C,0.002,0.0204,0.0184
Unknown.Unknown,C,0.0018,0.0522,0.0504
Unknown.Recessive,D,0.0005,0.0008,0.0003
Unknown.Unknown,C,0.0093,0.1103,0.101
Unknown.Unknown,C,0.0047,0.0079,0.0032
Unknown.Unknown,C,0,0.0017,0.0017
Unknown.None,C,0.0011,0.0082,0.0071
Unknown.Unknown,D,0,0.0017,0.0017
Unknown.Unknown,D,0.0009,0.0308,0.0299
Unknown.Unknown,D,0,0.0839,0.0839
Recessive.Unknown,C,0.0007,0.0075,0.0068
Unknown.Unknown,D,0.0024,0.0266,0.0242
None.None,C,0.0005,0.0013,0.0008
Both.Unknown,C,0.0009,0.0025,0.0016
Unknown.Unknown,C,0,0.0005,0.0005
Unknown.Unknown,C,0.0036,0.0094,0.0058
Both.Dominant,C,0.0181,0.0369,0.0188
Both.Unknown,C,0.0009,0.0227,0.0218
Unknown.Unknown,C,0.0084,0.027,0.0186
Unknown.Recessive,D,0.0017,0.0445,0.0428
Unknown.Unknown,C,0,0.0015,0.0015
Unknown.Unknown,C,0,0.0029,0.0029
Unknown.Unknown,D,0.0079,0.0222,0.0143
Recessive.Dominant,C,0,0.0012,0.0012
Recessive.Both,C,0.0017,0.0077,0.006
Unknown.Unknown,C,0.0002,0.0264,0.0262
Unknown.Unknown,C,0,0.0079,0.0079
Unknown.Unknown,C,0.0014,0.006,0.0046
Unknown.Unknown,C,0,0.0009,0.0009
Recessive.Dominant,D,0,0.0525,0.0525
Recessive.Unknown,C,0.0023,0.0944,0.0921
Dominant.Unknown,C,0.0006,0.0009,0.0003
Unknown.Unknown,D,0.0011,0.0019,0.0008
None.None,C,0.0018,0.0257,0.0239
Unknown.Unknown,C,0,0.0029,0.0029
Unknown.None,C,0,0.0024,0.0024
None.Unknown,NA,0.0023,0.0347,0.0324
Unknown.Unknown,C,0,0.0005,0.0005
Unknown.Unknown,C,0.0023,0.0044,0.0021
Dominant.Unknown,C,0.0008,0.004,0.0032
Unknown.Unknown,C,0,0.0025,0.0025
Unknown.Unknown,D,0.0008,0.0016,0.0008
Unknown.None,C,0,0.0035,0.0035
Unknown.Unknown,C,0,0.0012,0.0012
Dominant.Unknown,D,0.0006,0.0015,0.0009
None.Recessive,C,0.0012,0.0016,0.0004
Unknown.Unknown,D,0,0.0091,0.0091
Unknown.None,C,0.0047,0.0239,0.0192
Unknown.Unknown,C,0.0009,0.0038,0.0029
Unknown.Recessive,C,0.0011,0.0042,0.0031
Unknown.Unknown,D,0.0005,0.001,0.0005
Unknown.Unknown,C,0.0018,0.0034,0.0016
Unknown.Both,D,0.0011,0.0075,0.0064
Unknown.Recessive,D,0.0047,0.0052,0.0005
Recessive.Unknown,C,0.0007,0.0008,0.0001
None.Recessive,C,0.0011,0.006,0.0049
Unknown.Unknown,C,0,0.0063,0.0063
Unknown.Dominant,C,0,0.0057,0.0057
Unknown.Unknown,C,0,0.0047,0.0047
Dominant.Dominant,C,0,0.0031,0.0031
Unknown.Unknown,D,0.0039,0.0191,0.0152
Unknown.Unknown,C,0.0032,0.0167,0.0135
Unknown.Unknown,D,0.0004,0.0123,0.0119
Unknown.Unknown,C,0.0008,0.005,0.0042
Unknown.Unknown,D,0,0.05,0.05
None.Both,D,0.0013,0.0026,0.0013
Unknown.Unknown,D,0.0012,0.0501,0.0489
Unknown.Unknown,D,0.0039,0.0328,0.0289
Unknown.Unknown,C,0.0026,0.0049,0.0023
Unknown.Unknown,D,0,0.0014,0.0014
Unknown.Unknown,D,0.0015,0.0123,0.0108
Unknown.Unknown,C,0,0.001,0.001
Unknown.Dominant,C,0,0.0006,0.0006
Unknown.Unknown,D,0,0.033,0.033
None.Recessive,D,0.0149,0.2,0.1851
Recessive.None,NA,0.001,0.0137,0.0127
Unknown.Unknown,C,0.0022,0.0055,0.0033
None.None,D,0,0.0011,0.0011
Unknown.Unknown,C,0.0013,0.0022,0.0009
Unknown.Unknown,C,0.0007,0.0029,0.0022
Recessive.None,D,0.0021,0.0031,0.001
Recessive.Unknown,C,0.0043,0.0095,0.0052
Unknown.Unknown,D,0.0014,0.0033,0.0019
Unknown.None,C,0.0062,0.0212,0.015
Dominant.Unknown,D,0.0064,0.016,0.0096
Unknown.Unknown,C,0.0006,0.0162,0.0156
Unknown.Unknown,D,0.0029,0.0092,0.0063
None.Unknown,C,0.0017,0.0078,0.0061
Recessive.Unknown,C,0,0.0016,0.0016
Unknown.Recessive,D,0,0.0029,0.0029
Unknown.Unknown,C,0.0025,0.0049,0.0024
Unknown.Unknown,C,0.0018,0.0087,0.0069
Unknown.Unknown,C,0,0.003,0.003
Unknown.Unknown,D,0.0055,0.0092,0.0037
Both.Unknown,C,0.0145,0.0944,0.0799
Unknown.None,D,0.0021,0.0026,0.0005
Unknown.Unknown,D,0.0018,0.0136,0.0118
Unknown.Unknown,D,0.0011,0.0839,0.0828
Unknown.Dominant,C,0.0008,0.0048,0.004
Dominant.Unknown,C,0.0018,0.0026,0.0008
Unknown.Unknown,D,0,0.001,0.001
Unknown.Unknown,D,0,0.0007,0.0007
Unknown.Unknown,C,0.0032,0.0332,0.03
Both.Unknown,D,0.0038,0.0308,0.027
Unknown.Dominant,C,0.0023,0.0033,0.001
Unknown.Unknown,C,0.0013,0.0034,0.0021
Unknown.Unknown,D,0.0051,0.0062,0.0011
Unknown.Unknown,C,0,0.0009,0.0009
Unknown.Both,D,0.0005,0.0027,0.0022
Recessive.Recessive,D,0.0064,0.1926,0.1862
Unknown.Unknown,D,0.0015,0.0286,0.0271
None.None,D,0.0031,0.0043,0.0012
None.Unknown,C,0.0012,0.0136,0.0124
Unknown.Unknown,C,0.0015,0.0102,0.0087
Unknown.Unknown,D,0.0017,0.0026,0.0009
Dominant.Dominant,C,0.0005,0.0034,0.0029
Unknown.None,NA,0.0063,0.0259,0.0196
Unknown.None,NA,0.0063,0.0278,0.0215
Dominant.Dominant,D,0.0005,0.0006,9.99999999999999e-05
Unknown.Unknown,C,0.0013,0.0015,0.0002
Unknown.Unknown,C,0.0026,0.0058,0.0032
None.None,D,0.0034,0.004,0.0006
None.Unknown,C,0.0019,0.006,0.0041
Dominant.Unknown,C,0,0.001,0.001
Recessive.Recessive,D,0.002,0.0041,0.0021
Unknown.Unknown,C,0,0.0042,0.0042
Unknown.Unknown,C,0,0.0008,0.0008
Unknown.Unknown,C,0.0018,0.0108,0.009
Unknown.Unknown,D,0.0033,0.0092,0.0059
Both.Both,D,0.0016,0.0054,0.0038
Both.Unknown,C,0.0006,0.0041,0.0035
Unknown.None,D,0.0077,0.012,0.0043
Unknown.Unknown,C,0,0.0032,0.0032
Unknown.Unknown,C,0.0008,0.0027,0.0019
Unknown.None,C,0,0.0867,0.0867
Both.Dominant,NA,0,0.0158,0.0158
Unknown.Unknown,D,0.0008,0.0009,9.99999999999999e-05
Unknown.Unknown,D,0,0.0006,0.0006
Unknown.Unknown,C,0.0039,0.0045,0.0006
Recessive.Unknown,D,0,0.0008,0.0008
None.None,C,0,0.0023,0.0023
Unknown.Unknown,C,0.0009,0.0037,0.0028
Unknown.Unknown,D,0.0006,0.001,0.0004
Dominant.Both,C,0.0005,0.0016,0.0011
Unknown.Unknown,C,0.0012,0.0014,0.0002
Unknown.Unknown,D,0.0007,0.022,0.0213
Unknown.Unknown,C,0,0.0917,0.0917
None.None,C,0,0.0086,0.0086
Unknown.Dominant,D,0.0041,0.0757,0.0716
Unknown.Unknown,D,0.002,0.0369,0.0349
Unknown.Unknown,C,0.0009,0.0037,0.0028
Unknown.Unknown,C,0.0021,0.0027,0.0006
Unknown.Unknown,D,0.0027,0.0072,0.0045
Dominant.Dominant,D,0,0.0012,0.0012
Dominant.Unknown,D,0.0024,0.026,0.0236
Unknown.Unknown,C,0.0008,0.003,0.0022
Dominant.Dominant,D,0.001,0.0372,0.0362
None.Unknown,D,0,0.0016,0.0016
None.Recessive,C,0.0036,0.0135,0.0099
Unknown.Unknown,C,0.0034,0.0135,0.0101
Recessive.None,D,0,0.0009,0.0009
Unknown.Recessive,C,0,0.0022,0.0022
Recessive.Recessive,C,0.0024,0.0542,0.0518
Dominant.Dominant,C,0.0003,0.0501,0.0498
None.Unknown,NA,0.0029,0.0033,0.0004
None.Unknown,C,0.0009,0.0071,0.0062
Recessive.Dominant,D,0.0034,0.0075,0.0041
Unknown.Unknown,C,0.0224,0.0278,0.0054
Unknown.Unknown,C,0.0087,0.0108,0.0021
None.Unknown,D,0,0.001,0.001
Unknown.Dominant,D,0.0062,0.0191,0.0129
Dominant.Dominant,C,0.0015,0.002,0.0005
Unknown.Unknown,D,0,0.0008,0.0008
Unknown.Unknown,D,0,0.0013,0.0013
Unknown.Unknown,C,0.0013,0.0142,0.0129
Both.Unknown,C,0.0026,0.023,0.0204
Dominant.Dominant,C,0.0005,0.0034,0.0029
Unknown.Unknown,D,0.001,0.005,0.004
Unknown.Unknown,D,0.0014,0.0148,0.0134
Unknown.None,C,0.0016,0.0019,0.0003
Unknown.Unknown,D,0.0013,0.02,0.0187
Unknown.Unknown,D,0.0004,0.0605,0.0601
Unknown.None,C,0,0.0088,0.0088
Recessive.Unknown,C,0.0046,0.0097,0.0051
Both.Unknown,C,0.0037,0.0442,0.0405
Unknown.Unknown,D,0.0009,0.0028,0.0019
Unknown.Unknown,C,0,0.0015,0.0015
Recessive.Unknown,C,0.0009,0.0014,0.0005
Unknown.Recessive,D,0.002,0.0329,0.0309
Unknown.None,D,0,0.0008,0.0008
Unknown.Dominant,C,0.0008,0.0059,0.0051
Unknown.Unknown,C,0.0022,0.0023,9.99999999999998e-05
Recessive.Unknown,D,0.0162,0.0245,0.0083
Unknown.Unknown,C,0.0007,0.0057,0.005
Dominant.Unknown,C,0,0.002,0.002
Dominant.Unknown,C,0,0.0022,0.0022
Unknown.Unknown,D,0,0.0034,0.0034
Unknown.Recessive,D,0,0.0016,0.0016
Unknown.Unknown,C,0.002,0.0028,0.0008
None.None,C,0.0037,0.0105,0.0068
Unknown.Recessive,C,0.0009,0.0184,0.0175
Dominant.Unknown,C,0.0017,0.0127,0.011
Unknown.Unknown,D,0,0.0009,0.0009
Both.Unknown,C,0.001,0.0031,0.0021
Unknown.None,NA,0.0063,0.0267,0.0204
Unknown.Dominant,C,0,0.0048,0.0048
Recessive.Unknown,C,0,0.0016,0.0016
Unknown.Unknown,C,0.0117,0.0278,0.0161
Unknown.Recessive,C,0.0004,0.0008,0.0004
Unknown.Dominant,C,0.0004,0.0024,0.002
None.None,D,0.0002,0.003,0.0028
Dominant.Unknown,C,0,0.0029,0.0029
Unknown.Unknown,C,0.0017,0.0053,0.0036
Dominant.Recessive,C,0.0076,0.0365,0.0289
Unknown.Unknown,C,0.0008,0.0102,0.0094
Unknown.Unknown,D,0,0.0016,0.0016
Unknown.Unknown,C,0.0033,0.0198,0.0165
Dominant.Recessive,C,0.001,0.0037,0.0027
Recessive.Unknown,D,0.0029,0.0058,0.0029
Unknown.Dominant,D,0.0018,0.0196,0.0178
None.Dominant,D,0.0021,0.1136,0.1115
None.Unknown,C,0.0012,0.0025,0.0013
Recessive.Dominant,D,0,0.0018,0.0018
Unknown.Unknown,C,0.0012,0.0078,0.0066
Recessive.Unknown,D,0.0037,0.0081,0.0044
Recessive.Recessive,D,0.0017,0.0052,0.0035
Unknown.Unknown,C,0,0.0017,0.0017
None.Unknown,D,0.0013,0.0016,0.0003
Dominant.Both,D,0.0025,0.0032,0.0007
None.Unknown,D,0.0019,0.0026,0.0007
Recessive.Recessive,D,0.0018,0.0026,0.0008
Unknown.Unknown,D,0,0.0015,0.0015
None.None,C,0.0045,0.0053,0.0008
Unknown.Unknown,D,0,0.0062,0.0062
Unknown.Unknown,D,0,0.0017,0.0017
Recessive.Recessive,C,0.0007,0.0015,0.0008
Unknown.Unknown,C,0.0004,0.0016,0.0012
Both.Unknown,C,0.0014,0.0036,0.0022
Dominant.Unknown,C,0,0.003,0.003
Dominant.None,D,0.0029,0.0049,0.002
Unknown.Recessive,C,0.0032,0.0089,0.0057
Both.Recessive,D,0.0061,0.0086,0.0025
Dominant.Unknown,D,0,0.0373,0.0373
Both.Recessive,D,0.0022,0.0033,0.0011
Recessive.Unknown,C,0.0038,0.0099,0.0061
None.Unknown,D,0.0032,0.004,0.0008
Unknown.Unknown,D,0,0.0013,0.0013
Recessive.None,C,0.0019,0.0059,0.004
Unknown.Unknown,C,0.001,0.0286,0.0276
Unknown.Unknown,C,0.0029,0.1039,0.101
None.Dominant,D,0,0.002,0.002
Unknown.Unknown,C,0.0002,0.0132,0.013
Unknown.Unknown,C,0.0004,0.0337,0.0333
Unknown.Dominant,C,0,0.0021,0.0021
Unknown.None,C,0.0008,0.0068,0.006
Unknown.Unknown,C,0,0.006,0.006
Unknown.Unknown,C,0.0008,0.0063,0.0055
Dominant.Recessive,C,0.0027,0.0034,0.0007
Unknown.Recessive,C,0,0.1713,0.1713
None.Unknown,C,0.0006,0.0011,0.0005
Recessive.Unknown,C,0.0009,0.002,0.0011
Unknown.Dominant,D,0,0.0012,0.0012
Unknown.Unknown,C,0.0005,0.0009,0.0004
Dominant.Both,C,0,0.0005,0.0005
Unknown.Dominant,C,0.0045,0.1179,0.1134
Unknown.Unknown,D,0.0028,0.0038,0.001
Dominant.Unknown,C,0.0009,0.0021,0.0012
Unknown.Dominant,D,0,0.0014,0.0014
Unknown.None,C,0.0006,0.0081,0.0075
Unknown.Unknown,C,0,0.0017,0.0017
Unknown.Unknown,C,0.0143,0.0159,0.0016
Unknown.Unknown,C,0.0021,0.0082,0.0061
Unknown.Unknown,C,0.0087,0.0126,0.0039
Unknown.Recessive,C,0.0004,0.0062,0.0058
None.None,NA,0,0.0021,0.0021
Recessive.Unknown,C,0,0.0114,0.0114
Unknown.Unknown,D,0,0.0016,0.0016
Unknown.None,D,0,0.0037,0.0037
Unknown.Unknown,D,0,0.0043,0.0043
Unknown.Unknown,D,0.0022,0.0063,0.0041
Unknown.Dominant,D,0.0046,0.067,0.0624
Dominant.Recessive,C,0.0016,0.0052,0.0036
Dominant.Unknown,C,0,0.0025,0.0025
Dominant.Unknown,C,0,0.1829,0.1829
Unknown.Unknown,C,0,0.1094,0.1094
Unknown.Unknown,D,0.0005,0.0006,9.99999999999999e-05
Unknown.Dominant,C,0.0022,0.0053,0.0031
None.None,C,0,0.0018,0.0018
Dominant.Unknown,C,0,0.0004,0.0004
Unknown.Recessive,C,0,0.0417,0.0417
Unknown.Unknown,D,0,0.0109,0.0109
Dominant.Dominant,C,0.0009,0.0032,0.0023
Unknown.Unknown,C,0.0034,0.0303,0.0269
Unknown.Unknown,C,0.0032,0.0044,0.0012
Unknown.Recessive,D,0,0.0009,0.0009
Unknown.Unknown,D,0,0.0009,0.0009
Recessive.Recessive,D,0,0.0007,0.0007
Unknown.Unknown,C,0.0009,0.0232,0.0223
Recessive.Recessive,C,0.0018,0.0027,0.0009
Unknown.Unknown,C,0,0.0007,0.0007
Both.Dominant,D,0.0025,0.0161,0.0136
Both.Unknown,C,0.001,0.0029,0.0019
Recessive.Unknown,C,0.002,0.0029,0.0009
Unknown.Dominant,C,0,0.0026,0.0026
Unknown.Unknown,C,0.001,0.002,0.001
Dominant.Unknown,D,0.0189,0.0208,0.0019
Unknown.Unknown,C,0.0017,0.0039,0.0022
Unknown.None,D,0.0014,0.0065,0.0051
Unknown.Unknown,C,0,0.001,0.001
Both.Dominant,D,0.0003,0.0004,0.0001
None.Both,D,0,0.0015,0.0015
Unknown.Unknown,C,0.0009,0.0099,0.009
Unknown.Dominant,C,0.0014,0.0179,0.0165
Unknown.Unknown,C,0.0067,0.0085,0.0018
Dominant.Unknown,D,0.0008,0.002,0.0012
Both.Dominant,C,0.0016,0.0034,0.0018
Unknown.Unknown,C,0,0.0024,0.0024
Unknown.Unknown,C,0.0027,0.0039,0.0012
Unknown.Unknown,C,0.0013,0.1235,0.1222
Recessive.Unknown,C,0.0003,0.0004,0.0001
Dominant.Unknown,C,0.0006,0.0012,0.0006
Unknown.Unknown,D,0.0024,0.0045,0.0021
Unknown.Recessive,D,0.0191,0.0374,0.0183
Unknown.Unknown,C,0.0006,0.0038,0.0032
Recessive.Unknown,C,0.0008,0.0015,0.0007
Unknown.None,C,0.0008,0.0062,0.0054
Unknown.None,D,0,0.0023,0.0023
Dominant.Dominant,D,0.0015,0.0025,0.001
Both.Both,C,0.0006,0.0012,0.0006
Both.None,C,0.0012,0.0032,0.002
Dominant.Unknown,C,0.0012,0.0013,0.0001
Unknown.Unknown,C,0.0005,0.0008,0.0003
Unknown.Unknown,C,0.0013,0.0177,0.0164
Unknown.Unknown,C,0.0027,0.0042,0.0015
Unknown.Unknown,D,0.0015,0.0332,0.0317
Unknown.Unknown,D,0.0044,0.0095,0.0051
Unknown.None,C,0,0.0037,0.0037
None.None,D,0,0.0468,0.0468
Dominant.Unknown,C,0.0039,0.0395,0.0356
None.None,C,0.0037,0.0468,0.0431
Unknown.Unknown,C,0.0007,0.0011,0.0004
Unknown.Recessive,D,0,0.0022,0.0022
Unknown.Unknown,C,0,0.0015,0.0015
Unknown.Unknown,D,0.0044,0.0061,0.0017
Unknown.Unknown,C,0.0011,0.011,0.0099
Unknown.Unknown,C,0,0.0126,0.0126
None.Unknown,C,0.0053,0.0331,0.0278
None.Unknown,C,0.0053,0.0307,0.0254
None.None,C,0.0053,0.0331,0.0278
None.None,C,0.0053,0.0307,0.0254
Unknown.Recessive,D,0.0015,0.0054,0.0039
Unknown.None,C,0.003,0.0039,0.0009
Dominant.Unknown,C,0.0031,0.0073,0.0042
Unknown.Unknown,C,0.0039,0.0736,0.0697
Dominant.Unknown,C,0.0031,0.0059,0.0028
Unknown.Recessive,C,0.0016,0.0055,0.0039
Unknown.Unknown,D,0.0009,0.0014,0.0005
Unknown.Unknown,C,0,0.0024,0.0024
Unknown.Unknown,C,0,0.0493,0.0493
Unknown.Unknown,D,0.0012,0.0741,0.0729
Both.Recessive,C,0.0037,0.0073,0.0036
Recessive.Unknown,D,0.0021,0.0049,0.0028
Dominant.Unknown,D,0.0057,0.0511,0.0454
Unknown.Unknown,D,0.0063,0.0082,0.0019
Unknown.Both,C,0.0016,0.007,0.0054
Unknown.None,C,0.0006,0.0204,0.0198
Dominant.Unknown,C,0.0023,0.0229,0.0206
Recessive.Dominant,D,0,0.0012,0.0012
Unknown.Unknown,D,0.0016,0.0018,0.0002
Recessive.Unknown,C,0,0.0057,0.0057
Unknown.Unknown,C,0,0.0078,0.0078
Unknown.Dominant,D,0.0023,0.0059,0.0036
Both.Unknown,C,0.0009,0.0014,0.0005
Both.Unknown,C,0.002,0.0025,0.0005
Unknown.Unknown,C,0.0035,0.0095,0.006
Unknown.Unknown,C,0.0023,0.0025,0.0002
None.Unknown,C,0,0.0012,0.0012
Unknown.None,C,0.0049,0.0057,0.0008
Unknown.Unknown,C,0.0063,0.0105,0.0042
Unknown.Unknown,C,0.0012,0.0048,0.0036
Unknown.None,D,0.005,0.007,0.002
Unknown.Dominant,C,0.0014,0.0047,0.0033
Unknown.Dominant,D,0.0005,0.0016,0.0011
Unknown.Unknown,D,0,0.0105,0.0105
Unknown.Recessive,C,0.0013,0.0046,0.0033
Dominant.None,D,0,0.0031,0.0031
Unknown.Recessive,C,0.0043,0.0111,0.0068
Unknown.Dominant,C,0,0.0246,0.0246
Dominant.Recessive,C,0,0.0033,0.0033
Unknown.Unknown,C,0,0.0027,0.0027
Unknown.Unknown,C,0.0005,0.0034,0.0029
Recessive.Recessive,D,0.0065,0.0115,0.005
Unknown.Unknown,C,0.0088,0.0161,0.0073
Unknown.Recessive,C,0,0.0069,0.0069
Unknown.Unknown,D,0.002,0.0164,0.0144
None.None,C,0,0.002,0.002
Unknown.Unknown,D,0.0055,0.0091,0.0036
Unknown.Unknown,C,0.0029,0.0039,0.001
Unknown.Unknown,D,0.0015,0.0038,0.0023
Unknown.Unknown,C,0.003,0.0043,0.0013
None.Unknown,D,0,0.0347,0.0347
Unknown.Unknown,C,0.003,0.0944,0.0914
Unknown.Unknown,C,0.0094,0.013,0.0036
Unknown.Unknown,C,0.0016,0.0095,0.0079
Unknown.None,D,0.0008,0.0017,0.0009
Unknown.Unknown,D,0.0027,0.0029,0.0002
Dominant.Unknown,D,0.0246,0.0272,0.0026
Unknown.Unknown,C,0,0.0035,0.0035
Dominant.Unknown,C,0.0106,0.0239,0.0133
Recessive.Unknown,D,0.0024,0.0037,0.0013
Unknown.Unknown,D,0.0019,0.0036,0.0017
Recessive.None,C,0.0022,0.0033,0.0011
Unknown.Unknown,D,0.0047,0.0097,0.005
Unknown.Recessive,C,0.002,0.006,0.004
None.Unknown,D,0,0.0047,0.0047
Unknown.Unknown,C,0,0.003,0.003
Unknown.None,C,0.0004,0.0249,0.0245
Both.Unknown,D,0,0.0912,0.0912
Both.Unknown,NA,0,0.0043,0.0043
Recessive.None,C,0.0036,0.0079,0.0043
Unknown.Recessive,D,0.0028,0.0248,0.022
None.None,C,0.0035,0.0056,0.0021
Unknown.Unknown,C,0,0.1283,0.1283
Recessive.Dominant,C,0.0013,0.006,0.0047
Unknown.Unknown,C,0.0058,0.0142,0.0084
Unknown.Both,D,0,0.0278,0.0278
Unknown.Unknown,C,0.0011,0.007,0.0059
Unknown.Recessive,D,0,0.0226,0.0226
Unknown.Unknown,D,0.0018,0.0021,0.0003
Recessive.Unknown,C,0.001,0.0044,0.0034
Unknown.Recessive,C,0.0016,0.0498,0.0482
None.Unknown,D,0.0057,0.0099,0.0042
Unknown.Unknown,C,0.004,0.0096,0.0056
Unknown.Unknown,C,0.0007,0.0025,0.0018
Recessive.Unknown,D,0.0443,0.0726,0.0283
Unknown.Unknown,D,0.0035,0.0075,0.004
Recessive.Recessive,C,0.0011,0.0086,0.0075
Unknown.Unknown,C,0.0046,0.0102,0.0056
Unknown.Recessive,C,0,0.0026,0.0026
Both.Dominant,C,0.0027,0.0076,0.0049
Unknown.Unknown,C,0.0026,0.0027,0.0001
Unknown.None,NA,0.0014,0.006,0.0046
Unknown.Unknown,D,0,0.0082,0.0082
Recessive.Recessive,C,0,0.0105,0.0105
Unknown.None,D,0.0039,0.0042,0.0003
Recessive.Unknown,D,0.0043,0.0094,0.0051
Unknown.Unknown,S,0.0058,0.0075,0.0017
Unknown.Unknown,C,0,0.0036,0.0036
None.Recessive,C,0,0.0039,0.0039
Unknown.Recessive,NA,0.0018,0.0033,0.0015
None.Unknown,D,0.0075,0.0201,0.0126
Unknown.Dominant,D,0.0036,0.0122,0.0086
Both.Dominant,C,0.0007,0.0034,0.0027
Unknown.Unknown,C,0.0016,0.0038,0.0022
Unknown.None,NA,0,0.0542,0.0542
Unknown.Unknown,D,0.0048,0.0051,0.000300000000000001
Unknown.Unknown,C,0,0.004,0.004
None.Recessive,C,0.0013,0.0035,0.0022
Unknown.Dominant,D,0.0036,0.0096,0.006
Unknown.Unknown,C,0.0027,0.0048,0.0021
None.Unknown,D,0.0012,0.0018,0.0006
Both.Unknown,C,0.0016,0.0143,0.0127
Unknown.Unknown,C,0.0021,0.0337,0.0316
Unknown.Unknown,C,0,0.038,0.038
Unknown.Unknown,C,0,0.003,0.003
Recessive.Dominant,C,0.0033,0.0191,0.0158
Unknown.Unknown,C,0.0004,0.0021,0.0017
Unknown.Unknown,D,0.0014,0.0015,0.0001
Unknown.Unknown,D,0.0195,0.0465,0.027
Unknown.Unknown,D,0,0.0023,0.0023
Unknown.Dominant,C,0.0006,0.0259,0.0253
Dominant.Both,C,0.004,0.1721,0.1681
Unknown.Unknown,D,0.0005,0.0028,0.0023
Dominant.Unknown,C,0,0.0016,0.0016
Unknown.Unknown,D,0.0018,0.0039,0.0021
Unknown.Dominant,C,0.0021,0.0179,0.0158
Unknown.Unknown,C,0,0.0007,0.0007
Unknown.Unknown,C,0,0.007,0.007
Unknown.Unknown,C,0.0028,0.0212,0.0184
Unknown.Unknown,D,0,0.007,0.007
Dominant.Dominant,C,0,0.0246,0.0246
Unknown.Unknown,C,0,0.0058,0.0058
Unknown.Unknown,D,0.0048,0.0109,0.0061
Unknown.Unknown,C,0,0.0077,0.0077
Unknown.Unknown,D,0.0028,0.0046,0.0018
Both.Unknown,NA,0,0.0054,0.0054
Unknown.Both,C,0.0017,0.1721,0.1704
Recessive.Dominant,C,0.0011,0.0076,0.0065
Dominant.Unknown,C,0,0.0015,0.0015
Unknown.Unknown,C,0,0.0091,0.0091
Unknown.Unknown,D,0.006,0.0253,0.0193
Unknown.Unknown,D,0.0039,0.0451,0.0412
Recessive.Dominant,C,0,0.0044,0.0044
Unknown.None,C,0,0.0074,0.0074
Unknown.Dominant,C,0.0016,0.003,0.0014
Unknown.None,NA,0.0013,0.0055,0.0042
Unknown.Unknown,C,0,0.0314,0.0314
Unknown.None,C,0.0014,0.046,0.0446
Unknown.Unknown,C,0,0.0043,0.0043
Unknown.Unknown,D,0,0.0025,0.0025
Unknown.None,NA,0.0058,0.0086,0.0028
Unknown.Recessive,C,0.0086,0.1087,0.1001
Unknown.Unknown,D,0.0011,0.0015,0.0004
Unknown.Unknown,C,0,0.0044,0.0044
Unknown.Unknown,D,0.0034,0.0053,0.0019
Unknown.Unknown,D,0.0011,0.0069,0.0058
Unknown.Unknown,D,0.0035,0.0109,0.0074
Both.Both,NA,0,0.0916,0.0916
Unknown.Unknown,D,0.001,0.0091,0.0081
None.Unknown,C,0.0008,0.003,0.0022
Unknown.Unknown,C,0,0.0093,0.0093
Both.Recessive,C,0.0027,0.0086,0.0059
Recessive.Unknown,C,0.0006,0.0294,0.0288
Unknown.Unknown,C,0,0.0025,0.0025
None.Recessive,C,0.0054,0.0305,0.0251
Unknown.Unknown,C,0,0.0036,0.0036
Unknown.Recessive,C,0.0027,0.0042,0.0015
Unknown.Unknown,C,0,0.0017,0.0017
None.None,D,0.0012,0.0021,0.0009
Unknown.Unknown,C,0.0092,0.0095,0.0003
None.None,C,0.0041,0.0064,0.0023
Unknown.Unknown,C,0.0091,0.0622,0.0531
Unknown.Unknown,C,0.0012,0.0524,0.0512
Both.None,NA,0.0025,0.018,0.0155
Unknown.Dominant,D,0,0.0025,0.0025
None.Dominant,D,0.0008,0.0175,0.0167
Unknown.Unknown,D,0,0.0015,0.0015
None.None,D,0,0.002,0.002
Unknown.Recessive,C,0.0018,0.0046,0.0028
Unknown.Unknown,C,0,0.0038,0.0038
Dominant.Dominant,C,0,0.0336,0.0336
Unknown.Unknown,C,0,0.0008,0.0008
Unknown.None,C,0.0016,0.0037,0.0021
Both.Recessive,NA,0,0.0008,0.0008
Dominant.Unknown,C,0.0013,0.0015,0.0002
None.Recessive,D,0.0056,0.0249,0.0193
Unknown.Unknown,D,0.004,0.0136,0.0096
Recessive.Unknown,C,0.0023,0.0055,0.0032
Unknown.Unknown,C,0,0.002,0.002
Unknown.Unknown,C,0.0036,0.0153,0.0117
Recessive.Unknown,C,0,0.0023,0.0023
None.None,D,0,0.0019,0.0019
Unknown.None,D,0,0.0032,0.0032
Unknown.Unknown,D,0.0052,0.0063,0.0011
Recessive.None,C,0.002,0.0481,0.0461
Dominant.Dominant,C,0.0003,0.0191,0.0188
None.Unknown,D,0.0154,0.1672,0.1518
None.None,D,0.0041,0.0078,0.0037
Unknown.Unknown,D,0.0045,0.0049,0.0004
Recessive.Both,D,0.0013,0.002,0.0007
Unknown.Unknown,D,0.0016,0.0017,9.99999999999998e-05
Unknown.Unknown,C,0.0038,0.0068,0.003
Unknown.Unknown,C,0.0018,0.0082,0.0064
Recessive.None,D,0.0115,0.0481,0.0366
Unknown.None,C,0.0013,0.0074,0.0061
None.Dominant,D,0.0094,0.0789,0.0695
Unknown.Unknown,C,0,0.0731,0.0731
Dominant.Dominant,C,0,0.0011,0.0011
Unknown.None,C,0.003,0.0096,0.0066
None.None,C,0.0019,0.0043,0.0024
None.None,D,0,0.0013,0.0013
Unknown.Unknown,C,0.0022,0.0035,0.0013
Unknown.Unknown,C,0.0018,0.007,0.0052
Unknown.Unknown,C,0,0.0018,0.0018
Unknown.Unknown,C,0.0019,0.0027,0.0008
Unknown.Unknown,C,0.0024,0.0045,0.0021
None.Unknown,C,0.0025,0.0033,0.0008
Dominant.None,C,0.0046,0.0823,0.0777
Recessive.Dominant,D,0,0.0009,0.0009
Both.Both,D,0.0007,0.0054,0.0047
Recessive.None,C,0,0.0505,0.0505
Unknown.Recessive,C,0,0.1113,0.1113
None.None,C,0.0018,0.0144,0.0126
Both.Unknown,D,0.0017,0.0086,0.0069
Unknown.Unknown,D,0,0.0013,0.0013
Unknown.Unknown,D,0.0027,0.0032,0.0005
Unknown.Unknown,C,0.0012,0.0032,0.002
Unknown.Unknown,D,0,0.0026,0.0026
None.Unknown,NA,0,0.0095,0.0095
Unknown.Unknown,C,0.0051,0.0052,9.99999999999994e-05
Unknown.Unknown,C,0.0009,0.0017,0.0008
None.Unknown,D,0.0012,0.0034,0.0022
Unknown.Recessive,NA,0.0027,0.0033,0.0006
Unknown.None,C,0.0011,0.0032,0.0021
None.Unknown,D,0.005,0.0055,0.0005
None.Unknown,C,0.0045,0.0278,0.0233
Recessive.Unknown,C,0.002,0.0021,9.99999999999998e-05
Unknown.Unknown,D,0.0036,0.0109,0.0073
Unknown.Unknown,D,0,0.0046,0.0046
Unknown.Unknown,C,0.0057,0.0078,0.0021
Unknown.None,C,0,0.0033,0.0033
Unknown.Both,D,0,0.0042,0.0042
Unknown.Both,C,0.0083,0.1721,0.1638
None.Unknown,D,0.0029,0.0278,0.0249
Unknown.Recessive,C,0,0.001,0.001
None.Unknown,D,0.0068,0.0514,0.0446
Unknown.Dominant,D,0.0019,0.0122,0.0103
Unknown.Unknown,C,0.0009,0.0053,0.0044
Unknown.Unknown,C,0,0.0105,0.0105
Unknown.Unknown,C,0.0064,0.0218,0.0154
Unknown.Unknown,C,0.0011,0.0193,0.0182
Unknown.Dominant,NA,0,0.0101,0.0101
Unknown.None,NA,0,0.6393,0.6393
Unknown.Unknown,C,0,0.0023,0.0023
Unknown.Unknown,C,0.0012,0.0024,0.0012
Recessive.Unknown,C,0.0119,0.0198,0.0079
None.None,D,0.0008,0.0433,0.0425
Unknown.None,C,0,0.0052,0.0052
Both.None,C,0.0016,0.004,0.0024
Unknown.None,C,0,0.0007,0.0007
Unknown.Unknown,D,0.0011,0.0012,9.99999999999998e-05
None.Unknown,C,0.0216,0.0358,0.0142
Unknown.Unknown,C,0.002,0.0044,0.0024
None.Unknown,C,0.0029,0.0036,0.0007
Dominant.Unknown,C,0.0021,0.0024,0.0003
None.Unknown,D,0.0038,0.0105,0.0067
Unknown.Unknown,C,0,0.0017,0.0017
Dominant.None,C,0.0067,0.046,0.0393
Unknown.None,C,0.0016,0.006,0.0044
Unknown.None,C,0,0.0042,0.0042
Unknown.Unknown,C,0,0.0019,0.0019
Dominant.Unknown,D,0,0.0014,0.0014
Unknown.Unknown,C,0.0011,0.0096,0.0085
Unknown.Unknown,D,0.0034,0.0064,0.003
Unknown.Unknown,C,0,0.0018,0.0018
Unknown.None,C,0.0017,0.0036,0.0019
Dominant.None,C,0.0037,0.0057,0.002
Both.None,C,0.0034,0.0089,0.0055
Unknown.Unknown,D,0.0022,0.0031,0.0009
Unknown.Unknown,C,0.0044,0.0045,9.99999999999994e-05
Both.Unknown,C,0.0042,0.0077,0.0035
Unknown.Both,C,0.003,0.0916,0.0886
Unknown.Recessive,D,0,0.0346,0.0346
Dominant.Unknown,D,0,0.0027,0.0027
Unknown.Dominant,D,0.003,0.0369,0.0339
Unknown.Unknown,C,0,0.0097,0.0097
None.Unknown,D,0.0019,0.0736,0.0717
Recessive.None,C,0.0021,0.0101,0.008
Unknown.Unknown,C,0.0014,0.0037,0.0023
Unknown.Unknown,D,0.0013,0.0054,0.0041
Unknown.Unknown,C,0,0.0692,0.0692
None.Unknown,D,0.0012,0.0045,0.0033
Unknown.Unknown,C,0.0057,0.011,0.0053
Unknown.Unknown,C,0,0.0012,0.0012
Dominant.Unknown,D,0,0.0022,0.0022
Unknown.Unknown,D,0.0029,0.0031,0.0002
Unknown.Unknown,C,0.001,0.0077,0.0067
Unknown.None,NA,0.0012,0.0109,0.0097
Dominant.Unknown,C,0.0013,0.0052,0.0039
Unknown.Unknown,C,0.0014,0.0063,0.0049
Unknown.Recessive,D,0.0054,0.0064,0.001
Recessive.Both,C,0,0.0029,0.0029
Dominant.Dominant,C,0,0.0044,0.0044
Unknown.Unknown,C,0.0011,0.0091,0.008
Recessive.Unknown,D,0,0.0328,0.0328
Unknown.Unknown,C,0.0011,0.0012,9.99999999999998e-05
Unknown.Recessive,D,0.0013,0.0323,0.031
Unknown.Unknown,C,0,0.0023,0.0023
Dominant.Unknown,C,0.0021,0.0274,0.0253
Unknown.Unknown,C,0.0019,0.0094,0.0075
Recessive.Unknown,C,0.0013,0.0161,0.0148
Unknown.Unknown,D,0.0007,0.0022,0.0015
Unknown.Dominant,D,0.0028,0.0057,0.0029
Unknown.Unknown,C,0.0012,0.0094,0.0082
Unknown.Dominant,C,0,0.0031,0.0031
Recessive.Unknown,C,0,0.0016,0.0016
Unknown.Unknown,C,0.0049,0.0056,0.0007
Recessive.Unknown,C,0,0.002,0.002
Recessive.Unknown,D,0.0065,0.0204,0.0139
Dominant.Unknown,C,0.0003,0.0302,0.0299
Unknown.Unknown,C,0.0009,0.0015,0.0006
Both.Unknown,NA,0,0.0028,0.0028
Unknown.Unknown,C,0.0016,0.0018,0.0002
Unknown.Unknown,C,0.0053,0.0064,0.0011
Recessive.Unknown,C,0,0.0015,0.0015
None.Unknown,C,0.0008,0.0404,0.0396
Both.Both,C,0.0003,0.0142,0.0139
None.Unknown,C,0.0029,0.0084,0.0055
Unknown.Both,C,0.0014,0.0109,0.0095
Unknown.Unknown,C,0.0151,0.0316,0.0165
Unknown.Unknown,D,0.0061,0.0093,0.0032
Unknown.Unknown,C,0.002,0.0081,0.0061
Unknown.Unknown,D,0.003,0.0095,0.0065
None.Unknown,D,0.01,0.0346,0.0246
Unknown.Dominant,C,0,0.0372,0.0372
Unknown.Unknown,C,0,0.0011,0.0011
Unknown.Recessive,D,0.0021,0.0036,0.0015
Unknown.Unknown,C,0.0006,0.0275,0.0269
Recessive.Recessive,D,0.0017,0.0086,0.0069
Dominant.Recessive,C,0.007,0.0095,0.0025
Unknown.None,NA,0.0014,0.0171,0.0157
Recessive.Unknown,C,0.0009,0.0065,0.0056
Unknown.Unknown,C,0.0069,0.0079,0.001
Unknown.Dominant,C,0.0084,0.0199,0.0115
Unknown.Unknown,C,0.0011,0.0015,0.0004
Dominant.Unknown,D,0.0013,0.367,0.3657
Unknown.Unknown,C,0.0011,0.0031,0.002
Unknown.Both,C,0.0016,0.0084,0.0068
Unknown.Dominant,C,0,0.001,0.001
None.Unknown,NA,0.0101,0.0622,0.0521
None.Unknown,D,0.002,0.0052,0.0032
Dominant.Unknown,C,0.0046,0.027,0.0224
None.Recessive,D,0.0032,0.0036,0.0004
Unknown.Dominant,C,0.0008,0.0044,0.0036
Unknown.Recessive,C,0,0.007,0.007
Unknown.Unknown,C,0.0027,0.0562,0.0535
Unknown.Dominant,D,0.0077,0.0372,0.0295
None.None,NA,0.0012,0.011,0.0098
Unknown.Unknown,D,0.0015,0.0018,0.0003
Unknown.Unknown,C,0.0018,0.0084,0.0066
Unknown.Unknown,D,0.0016,0.0027,0.0011
Dominant.Unknown,C,0,0.0006,0.0006
Unknown.Unknown,C,0,0.003,0.003
Unknown.Unknown,C,0,0.0012,0.0012
None.None,D,0.0035,0.0059,0.0024
Unknown.Unknown,C,0,0.001,0.001
Unknown.Unknown,C,0,0.0103,0.0103
Dominant.Both,C,0.0005,0.0054,0.0049
Dominant.Dominant,C,0,0.0372,0.0372
Unknown.Unknown,D,0.001,0.0014,0.0004
None.Unknown,C,0,0.0068,0.0068
Unknown.Unknown,C,0,0.0046,0.0046
Unknown.Unknown,D,0,0.0351,0.0351
Unknown.Unknown,D,0.0024,0.0065,0.0041
Unknown.Unknown,D,0.0022,0.0114,0.0092
Dominant.Both,C,0.0007,0.0054,0.0047
Dominant.None,C,0.0009,0.0052,0.0043
Unknown.Unknown,D,0.0004,0.0029,0.0025
None.None,D,0.0021,0.0022,0.0001
None.Unknown,C,0,0.0012,0.0012
Unknown.Unknown,D,0,0.0026,0.0026
Unknown.Recessive,C,0.0027,0.0038,0.0011
Unknown.Recessive,D,0.0013,0.0024,0.0011
Both.Dominant,NA,0,0.0369,0.0369
Dominant.Unknown,D,0.006,0.0393,0.0333
None.None,C,0.008,0.0116,0.0036
None.Unknown,C,0,0.003,0.003
None.Unknown,D,0.001,0.0021,0.0011
Unknown.Unknown,D,0,0.0105,0.0105
None.Recessive,D,0.0012,0.0019,0.0007
None.Unknown,C,0.0013,0.0015,0.0002
Both.Unknown,C,0.0034,0.0511,0.0477
Both.Both,NA,0,0.0016,0.0016
Dominant.Unknown,NA,0.0073,0.0092,0.0019
None.Unknown,D,0,0.0026,0.0026
Unknown.Unknown,D,0.0119,0.0121,0.000199999999999999
Unknown.Unknown,C,0.002,0.005,0.003
Unknown.Dominant,D,0,0.0017,0.0017
Unknown.Dominant,NA,0.001,0.0101,0.0091
Unknown.Unknown,C,0,0.0039,0.0039
Dominant.Unknown,D,0,0.0291,0.0291
Dominant.Unknown,C,0.0021,0.009,0.0069
Recessive.Recessive,D,0,0.0038,0.0038
Dominant.Unknown,C,0.0012,0.0013,0.0001
Unknown.Recessive,D,0.0011,0.0036,0.0025
Unknown.None,C,0.0042,0.0051,0.000900000000000001
Unknown.Unknown,C,0.0039,0.0071,0.0032
None.Unknown,D,0.0096,0.0099,0.000300000000000002
Unknown.Recessive,D,0.0065,0.0245,0.018
None.None,D,0.0009,0.0192,0.0183
Dominant.Recessive,C,0,0.0033,0.0033
None.None,NA,0.0007,0.0142,0.0135
Unknown.Dominant,D,0,0.0372,0.0372
Recessive.Both,D,0.0029,0.0031,0.0002
Unknown.Unknown,C,0.0006,0.0638,0.0632
Recessive.Both,C,0.0003,0.0028,0.0025
Unknown.Both,D,0.003,0.0145,0.0115
Both.Recessive,C,0.0029,0.0061,0.0032
Unknown.Unknown,C,0.0013,0.0023,0.001
Unknown.Unknown,C,0.0032,0.0229,0.0197
Unknown.Unknown,C,0,0.0184,0.0184
Unknown.Recessive,D,0,0.0036,0.0036
Unknown.Unknown,D,0.0008,0.0012,0.0004
Unknown.Unknown,C,0.0013,0.0253,0.024
None.None,D,0.0112,0.0505,0.0393
Unknown.Unknown,C,0.003,0.0054,0.0024
Unknown.Unknown,C,0.0017,0.003,0.0013
Unknown.Unknown,C,0,0.0023,0.0023
Recessive.Unknown,C,0.0028,0.0278,0.025
None.Unknown,D,0.0028,0.0047,0.0019
Unknown.Unknown,NA,0.0014,0.0028,0.0014
Dominant.Dominant,C,0.0003,0.1307,0.1304
Unknown.Unknown,C,0.0116,0.0215,0.0099
Both.Unknown,C,0.0028,0.0033,0.0005
Dominant.Both,D,0.001,0.0042,0.0032
Dominant.Unknown,C,0,0.003,0.003
Unknown.Unknown,D,0.0017,0.0084,0.0067
None.None,C,0.0019,0.0031,0.0012
Unknown.Unknown,C,0.0018,0.0026,0.0008
Unknown.Unknown,D,0.0019,0.0041,0.0022
Unknown.Recessive,D,0.016,0.0248,0.0088
Dominant.Dominant,C,0.0006,0.0007,0.0001
Both.Unknown,C,0.002,0.0024,0.0004
None.None,C,0.0091,0.0124,0.0033
Unknown.None,C,0.0003,0.0025,0.0022
Unknown.Recessive,C,0.0022,0.0066,0.0044
Dominant.Both,C,0.0005,0.0054,0.0049
Unknown.Unknown,C,0.0053,0.0218,0.0165
Unknown.Dominant,D,0.0048,0.0096,0.0048
Unknown.Unknown,C,0.0029,0.0036,0.0007
Unknown.Unknown,C,0.0004,0.0021,0.0017
Recessive.Unknown,D,0.0013,0.0081,0.0068
Unknown.Unknown,C,0.0023,0.0075,0.0052
Unknown.Both,D,0.0054,0.0271,0.0217
Recessive.Dominant,C,0.0007,0.0031,0.0024
Dominant.None,C,0.0185,0.027,0.0085
None.Recessive,D,0.0066,0.0249,0.0183
Dominant.Dominant,C,0.0042,0.0074,0.0032
Dominant.Both,D,0,0.0011,0.0011
Unknown.Dominant,C,0.0006,0.0017,0.0011
Unknown.Recessive,C,0.0008,0.0037,0.0029
Recessive.Unknown,D,0.0012,0.0574,0.0562
Unknown.Unknown,C,0.0008,0.0023,0.0015
Dominant.Dominant,C,0,0.0022,0.0022
Unknown.Unknown,D,0,0.0106,0.0106
Unknown.Unknown,D,0.0097,0.02,0.0103
Unknown.Unknown,D,0.0007,0.0043,0.0036
Unknown.Unknown,NA,0.0014,0.0025,0.0011
Both.Unknown,C,0.0025,0.0351,0.0326
Unknown.Unknown,C,0.0011,0.0155,0.0144
Unknown.Unknown,C,0,0.0007,0.0007
None.Both,D,0.0008,0.0016,0.0008
Recessive.Unknown,C,0,0.0018,0.0018
Unknown.Unknown,NA,0,0.0044,0.0044
Both.Unknown,C,0.0029,0.0064,0.0035
Unknown.None,D,0.0009,0.0023,0.0014
Unknown.Unknown,D,0.0019,0.0023,0.0004
Unknown.None,C,0,0.0038,0.0038
Unknown.Unknown,C,0.0024,0.0503,0.0479
Unknown.Unknown,C,0,0.0016,0.0016
Unknown.Unknown,C,0.0008,0.0017,0.0009
Unknown.Unknown,C,0.0006,0.0135,0.0129
Unknown.Dominant,D,0.001,0.0023,0.0013
Unknown.Recessive,C,0,0.0035,0.0035
Unknown.Dominant,D,0.0025,0.0031,0.0006
None.Both,D,0,0.0007,0.0007
Unknown.None,C,0.0012,0.0181,0.0169
Unknown.Both,D,0.0035,0.0456,0.0421
Unknown.Unknown,C,0,0.0685,0.0685
Dominant.Unknown,D,0,0.0073,0.0073
Unknown.Unknown,C,0,0.002,0.002
Unknown.Unknown,D,0.0017,0.0086,0.0069
Unknown.Unknown,D,0.0035,0.0058,0.0023
Unknown.Unknown,D,0.0051,0.0093,0.0042
Unknown.Unknown,D,0,0.0023,0.0023
Unknown.Unknown,D,0.0008,0.0011,0.0003
Unknown.Unknown,C,0,0.0736,0.0736
Unknown.None,D,0.0048,0.007,0.0022
Unknown.Dominant,D,0.0027,0.0096,0.0069
None.Recessive,D,0.0019,0.0028,0.0009
Unknown.None,C,0.0027,0.0056,0.0029
Both.Unknown,C,0.002,0.009,0.007
Recessive.Unknown,C,0.0013,0.0021,0.0008
Dominant.Unknown,C,0,0.0105,0.0105
Unknown.Unknown,C,0.0015,0.002,0.0005
Both.Dominant,NA,0,0.0243,0.0243
Recessive.Recessive,D,0,0.0033,0.0033
None.None,D,0.019,0.0505,0.0315
Unknown.Unknown,C,0,0.0193,0.0193
Both.Unknown,C,0.0051,0.0068,0.0017
Unknown.Unknown,C,0.0019,0.0038,0.0019
Unknown.Recessive,D,0.0026,0.0028,0.0002
Unknown.None,D,0.0008,0.0027,0.0019
Unknown.Unknown,D,0.001,0.0082,0.0072
Unknown.None,NA,0.0017,0.018,0.0163
Unknown.Unknown,C,0,0.0095,0.0095
Unknown.Unknown,C,0,0.0019,0.0019
Unknown.Unknown,NA,0.0035,0.0196,0.0161
Unknown.Unknown,C,0.0019,0.0081,0.0062
Both.Unknown,C,0.002,0.0067,0.0047
Unknown.Dominant,D,0.003,0.0243,0.0213
Unknown.Unknown,C,0.0021,0.0026,0.0005
Unknown.Unknown,NA,0.0033,0.0093,0.006
Recessive.Unknown,C,0.0035,0.004,0.0005
Unknown.Dominant,D,0.0035,0.0096,0.0061
Unknown.Unknown,D,0.0024,0.0034,0.001
None.Unknown,C,0,0.0019,0.0019
Unknown.Unknown,D,0.0022,0.0181,0.0159
Unknown.Unknown,NA,0.0014,0.0035,0.0021
Unknown.Unknown,C,0.0044,0.0134,0.009
Unknown.Unknown,C,0,0.0339,0.0339
Unknown.Unknown,D,0,0.0027,0.0027
Dominant.Recessive,C,0.0003,0.0027,0.0024
Unknown.Unknown,C,0,0.003,0.003
None.Unknown,D,0,0.0038,0.0038
Dominant.Unknown,C,0,0.0036,0.0036
Unknown.Unknown,C,0.0011,0.0014,0.0003
Unknown.Unknown,NA,0.0012,0.005,0.0038
Unknown.Unknown,D,0.0022,0.0038,0.0016
Unknown.Unknown,D,0.0093,0.0451,0.0358
Unknown.Unknown,C,0.001,0.0198,0.0188
Dominant.Unknown,C,0.0021,0.028,0.0259
Unknown.Unknown,C,0.0018,0.0027,0.0009
Unknown.Unknown,D,0.0063,0.0477,0.0414
Unknown.Unknown,C,0.0008,0.0014,0.0006
None.None,C,0.001,0.0019,0.0009
Unknown.Unknown,D,0,0.0011,0.0011
Unknown.Unknown,C,0,0.0014,0.0014
Unknown.Recessive,D,0,0.0022,0.0022
Dominant.Unknown,C,0.0016,0.0049,0.0033
Unknown.Unknown,C,0,0.0011,0.0011
Unknown.Unknown,C,0,0.001,0.001
Dominant.Unknown,D,0.0033,0.0034,9.99999999999998e-05
Unknown.Unknown,C,0.0011,0.0078,0.0067
