Disease_Association,Most_Haploinsufficient_gene,dNdS
Unknown.Unknown,C,0.004.0.0077
Recessive.Unknown,C,0.0013.0.0028
Unknown.Unknown,NA,0.0.0014
Unknown.Unknown,NA,0.0006.0.0179
Unknown.Unknown,C,0.0.0035
Unknown.Unknown,C,0.0005.0.0018
Dominant.Unknown,C,0.0.0244
Unknown.None,C,0.002.0.006
Dominant.Unknown,C,0.0016.0.0056
None.None,C,0.0088.0.0314
None.None,C,0.0.0008
Unknown.Unknown,D,0.0019.0.0041
Unknown.Unknown,D,0.0015.0.0128
Recessive.Unknown,D,0.0.0029
Unknown.Unknown,C,0.0.0058
Unknown.Unknown,D,0.0.0523
Dominant.Unknown,C,0.0.001
Unknown.Dominant,D,0.0011.0.0022
Recessive.Recessive,C,0.001.0.0024
Dominant.Unknown,C,0.0075.0.0182
Dominant.Unknown,C,0.004.0.0083
None.Recessive,C,0.0049.0.0314
Unknown.Unknown,C,0.0.0022
Unknown.Unknown,C,0.0006.0.0011
None.Unknown,NA,0.0.0029
Dominant.Unknown,C,0.0.0033
None.Unknown,D,0.0024.0.004
Unknown.Unknown,C,0.0012.0.0052
Unknown.Recessive,D,0.0.008
Dominant.Unknown,D,0.0004.0.0023
None.Unknown,D,0.0029.0.0032
Unknown.Unknown,C,0.0.0007
Unknown.Unknown,C,0.0023.0.0035
Unknown.Dominant,D,0.0.0029
Both.Unknown,C,0.0025.0.0028
Dominant.Unknown,C,0.0013.0.0047
Dominant.Both,D,0.0015.0.0027
None.Unknown,C,0.0005.0.0007
Unknown.Unknown,C,0.0017.0.0047
Dominant.Unknown,C,0.001.0.0054
Recessive.Dominant,D,0.0008.0.0175
Unknown.Unknown,D,0.0009.0.002
Unknown.None,C,0.0029.0.0066
Unknown.Dominant,D,0.0026.0.0179
Unknown.Dominant,C,0.0355.0.067
Recessive.Unknown,D,0.0011.0.003
None.Both,D,0.0039.0.0339
Unknown.Recessive,C,0.0012.0.0616
Unknown.Unknown,C,0.0.1103
Unknown.Unknown,D,0.0.0025
None.Unknown,C,0.0051.0.0093
Unknown.Unknown,NA,0.0003.0.0009
Unknown.Unknown,D,0.0007.0.004
Recessive.Unknown,C,0.0007.0.003
Unknown.Recessive,C,0.0.0066
Unknown.Dominant,NA,0.0077.0.0101
Both.Unknown,C,0.0.0289
Dominant.Recessive,D,0.0008.0.0031
Unknown.None,NA,0.0063.0.0279
Unknown.Unknown,C,0.0011.0.1819
Dominant.Unknown,C,0.0.0037
Recessive.Unknown,C,0.0013.0.0041
Unknown.Unknown,D,0.0.0013
None.Unknown,D,0.0025.0.004
None.Unknown,D,0.0019.0.0021
Unknown.Unknown,D,0.0.0011
Unknown.Unknown,C,0.0045.0.0046
Dominant.Unknown,C,0.0017.0.0135
None.Dominant,C,0.0009.0.002
Unknown.Recessive,C,0.0.0022
Both.Unknown,C,0.0007.0.0036
Unknown.Unknown,D,0.0197.0.0344
Unknown.Unknown,C,0.0008.0.0281
Unknown.Unknown,D,0.0006.0.0023
Dominant.Unknown,C,0.0022.0.0041
Dominant.Dominant,D,0.0.036
Both.Both,D,0.0.0028
Unknown.Unknown,C,0.0.0007
Unknown.Unknown,C,0.0006.0.0018
Unknown.Unknown,D,0.0063.0.0081
Unknown.Unknown,D,0.0023.0.003
Unknown.Recessive,C,0.0005.0.0253
Unknown.Unknown,C,0.0027.0.0056
Dominant.Unknown,C,0.0009.0.0029
Dominant.Dominant,D,0.0065.0.0196
Unknown.Unknown,D,0.0.0011
Dominant.Dominant,C,0.0012.0.0025
Unknown.Unknown,C,0.0.0053
Dominant.Unknown,C,0.0016.0.0017
Unknown.Recessive,C,0.0042.0.0314
Unknown.Recessive,D,0.0.0247
None.Unknown,C,0.0.108
Unknown.Recessive,D,0.0044.0.0052
Unknown.Unknown,D,0.0.0013
Dominant.Unknown,C,0.0009.0.0012
Unknown.Unknown,C,0.001.0.0047
Unknown.Unknown,C,0.0.0018
Unknown.Recessive,D,0.0029.0.0329
Recessive.Both,C,0.0038.0.0049
Unknown.Unknown,C,0.001.0.0015
Unknown.Unknown,C,0.0.0272
Unknown.Unknown,D,0.0032.0.0246
Unknown.Unknown,C,0.0051.0.0159
Unknown.None,C,0.0011.0.0019
Unknown.Unknown,C,0.0036.0.0042
Unknown.Unknown,D,0.0012.0.0021
None.None,NA,0.0055.0.0076
Unknown.Unknown,D,0.0.0749
Recessive.Dominant,D,0.0013.0.0024
Unknown.None,D,0.0016.0.0049
Unknown.Unknown,C,0.0009.0.001
Unknown.Unknown,NA,0.0033.0.0057
Dominant.Unknown,D,0.0049.0.0073
Unknown.Unknown,C,0.0034.0.108
Recessive.Unknown,C,0.0.0062
Unknown.Unknown,C,0.0018.0.0028
Unknown.Recessive,D,0.0.0052
Dominant.Unknown,C,0.0.0418
Recessive.None,C,0.0032.0.0071
Unknown.Unknown,D,0.0014.0.0015
Unknown.Unknown,C,0.0013.0.0576
Unknown.Unknown,D,0.0009.0.0017
None.Recessive,D,0.0027.0.0038
Unknown.Unknown,D,0.0016.0.0021
Unknown.Unknown,C,0.0006.0.004
Unknown.None,C,0.0007.0.0016
Unknown.Unknown,C,0.0.0015
Unknown.Dominant,C,0.0029.0.0035
Unknown.Dominant,D,0.0008.0.0047
Unknown.Unknown,C,0.001.0.0226
Unknown.Unknown,D,0.001.0.0032
None.Unknown,C,0.0007.0.0012
Unknown.Unknown,D,0.0.0034
Unknown.Unknown,D,0.0005.0.0136
Unknown.Unknown,D,0.0.0009
Unknown.Unknown,C,0.0059.0.0071
Unknown.Unknown,D,0.0024.0.0029
Both.Unknown,C,0.0006.0.0069
None.None,NA,0.0005.0.0389
Dominant.Unknown,C,0.0.0136
Recessive.Unknown,C,0.0.0008
Unknown.None,C,0.0014.0.0049
Unknown.Unknown,C,0.0.001
Unknown.None,C,0.0.0054
Unknown.Both,C,0.0014.0.0077
None.Unknown,C,0.0.0015
Recessive.Unknown,C,0.0022.0.0026
Dominant.Unknown,C,0.0017.0.0227
None.Unknown,C,0.0.1168
None.Unknown,NA,0.0029.0.0092
Unknown.None,C,0.0.4414
Unknown.Unknown,C,0.0.0127
Unknown.Unknown,D,0.0005.0.0112
Unknown.Unknown,C,0.0017.0.006
Unknown.Recessive,D,0.0.0013
Both.Dominant,C,0.0006.0.0017
Unknown.Unknown,C,0.0008.0.0057
Unknown.Unknown,C,0.0.034
Unknown.None,C,0.0.0062
Both.Recessive,C,0.0026.0.0035
Dominant.Unknown,C,0.0.0026
Recessive.Unknown,C,0.0.0071
Recessive.Unknown,C,0.0033.0.0204
None.Unknown,D,0.0.002
Unknown.Unknown,D,0.0014.0.0142
Unknown.Unknown,C,0.0.001
Unknown.Dominant,C,0.0.0037
Unknown.None,NA,0.0063.0.0319
Unknown.Unknown,C,0.0.0017
Unknown.Unknown,D,0.0008.0.0514
Unknown.Unknown,C,0.0004.0.0014
Unknown.Dominant,D,0.0015.0.0073
Unknown.Unknown,C,0.0015.0.0164
Both.Dominant,C,0.0007.0.0029
Unknown.None,NA,0.0063.0.0279
Unknown.Unknown,C,0.0.0019
None.None,D,0.0007.0.0216
Dominant.Unknown,C,0.0.0011
Unknown.Recessive,C,0.0004.0.0014
None.None,C,0.0.0014
Unknown.None,NA,0.0063.0.0308
Both.Unknown,C,0.0009.0.0127
Unknown.Unknown,C,0.0018.0.0038
Unknown.Unknown,C,0.0.0029
Unknown.Dominant,D,0.0006.0.0017
Unknown.Unknown,C,0.0.1082
None.Unknown,D,0.0029.0.0219
Both.Unknown,C,0.001.0.0062
Unknown.Unknown,C,0.0.0078
Unknown.Recessive,C,0.0023.0.0055
None.Unknown,NA,0.0029.0.0055
Unknown.None,C,0.0072.0.0095
Unknown.Unknown,D,0.0004.0.0005
Unknown.Unknown,C,0.0.0028
Unknown.None,C,0.0004.0.0033
Unknown.Unknown,C,0.0009.0.0221
Unknown.Recessive,C,0.001.0.0046
Unknown.Unknown,NA,0.0.0021
Unknown.Unknown,C,0.0026.0.0057
Recessive.Unknown,C,0.0009.0.0067
Unknown.Unknown,C,0.0.004
Dominant.None,C,0.0011.0.0084
Recessive.Unknown,C,0.0005.0.0466
Unknown.Unknown,D,0.0.0005
Dominant.Dominant,C,0.0.0061
Dominant.Unknown,C,0.0.0006
Unknown.Unknown,NA,0.0.002
Unknown.Unknown,C,0.0.0042
Unknown.Unknown,C,0.0.0009
Unknown.Unknown,D,0.0023.0.0027
None.Unknown,D,0.0.0075
Unknown.Unknown,C,0.0.0421
Unknown.None,C,0.0.01
Unknown.Unknown,C,0.0023.0.006
Dominant.Both,C,0.0025.0.0102
Unknown.None,D,0.0018.0.0019
Unknown.None,C,0.0015.0.0187
Unknown.None,D,0.0.0053
Unknown.None,C,0.0.0247
Unknown.Unknown,C,0.0044.0.008
Unknown.Recessive,D,0.0005.0.0008
Unknown.Unknown,NA,0.0033.0.017
None.None,C,0.0009.0.0019
None.None,C,0.0022.0.0592
Unknown.Unknown,C,0.002.0.0538
Unknown.None,C,0.0009.0.0213
Dominant.Dominant,C,0.0.0017
Unknown.Unknown,C,0.0.0005
Unknown.Unknown,D,0.0.0008
Unknown.Both,C,0.0022.0.0032
Unknown.Unknown,C,0.0049.0.0079
Dominant.Unknown,C,0.0.0205
Unknown.None,NA,0.0033.0.0051
Unknown.None,D,0.0007.0.0024
Unknown.Dominant,D,0.0.0008
Unknown.None,C,0.0.0025
Recessive.Unknown,C,0.0005.0.0048
Recessive.Unknown,C,0.0.0013
Unknown.Unknown,C,0.0018.0.0038
Unknown.Unknown,C,0.0017.0.0027
Unknown.Unknown,D,0.0062.0.0065
Unknown.Unknown,C,0.0025.0.0316
Unknown.Unknown,C,0.0009.0.0022
Unknown.Unknown,C,0.0.0553
Unknown.Dominant,D,0.0054.0.0175
Unknown.Unknown,D,0.0018.0.0518
Unknown.Both,C,0.0.0111
Recessive.Unknown,C,0.0.0009
Unknown.Unknown,C,0.0.0023
Dominant.Recessive,D,0.0046.0.1926
Unknown.None,C,0.0016.0.0019
Unknown.Dominant,C,0.0.0029
Unknown.Unknown,NA,0.001.0.0034
Recessive.Unknown,D,0.0009.0.0067
Unknown.Recessive,C,0.0086.0.0111
Unknown.Unknown,C,0.0.0028
Unknown.Unknown,D,0.0015.0.0457
Unknown.Unknown,C,0.004.0.006
Dominant.Unknown,C,0.0.0007
None.Unknown,C,0.0005.0.0015
Unknown.Unknown,C,0.0011.0.0027
Recessive.None,C,0.0027.0.0037
Unknown.Recessive,C,0.0006.0.0134
Unknown.Unknown,C,0.0.0261
Unknown.Unknown,C,0.0008.0.0019
Unknown.Unknown,C,0.0032.0.0151
Unknown.Dominant,C,0.0024.0.0038
Unknown.Unknown,C,0.0016.0.0278
Unknown.Unknown,D,0.0018.0.0051
Unknown.Unknown,C,0.0016.0.0053
Unknown.Unknown,C,0.0.0023
None.Unknown,NA,0.0029.0.0151
Unknown.Unknown,C,0.0025.0.1349
Unknown.Unknown,C,0.0101.0.0161
Dominant.Unknown,D,0.0003.0.0234
Unknown.Unknown,C,0.0005.0.0083
Unknown.None,C,0.002.0.003
Unknown.Unknown,D,0.0008.0.0042
Dominant.Unknown,D,0.0012.0.0027
Dominant.Unknown,D,0.0.0005
Dominant.Unknown,C,0.0.0013
Unknown.Unknown,C,0.001.0.0022
Unknown.Both,D,0.0022.0.0086
Unknown.Unknown,C,0.0015.0.0051
Unknown.Recessive,C,0.0.0009
Unknown.Unknown,C,0.0204.0.0404
Unknown.Unknown,C,0.0024.0.0059
Unknown.Recessive,D,0.0056.0.1297
None.Dominant,NA,0.0.0026
Unknown.Dominant,C,0.0012.0.0023
Unknown.Unknown,D,0.0.0005
Unknown.Unknown,C,0.0006.0.0085
Unknown.None,NA,0.0063.0.029
Unknown.Unknown,D,0.0021.0.0022
Unknown.Unknown,NA,0.0018.0.0224
Unknown.Unknown,D,0.0052.0.0102
Dominant.Unknown,D,0.0009.0.0021
Unknown.Unknown,C,0.0.0457
Unknown.Unknown,D,0.0015.0.0018
Dominant.Dominant,D,0.0.0273
Unknown.Recessive,C,0.0.0226
Recessive.None,D,0.001.0.0066
Dominant.Unknown,C,0.0.0063
None.None,D,0.0039.0.0069
Recessive.None,C,0.0014.0.0017
Recessive.Recessive,D,0.0015.0.0123
Unknown.None,C,0.0011.0.0064
Unknown.Unknown,C,0.0004.0.0027
Unknown.Unknown,D,0.0015.0.0026
None.Unknown,D,0.0011.0.0033
Unknown.None,C,0.0018.0.0053
Unknown.Unknown,C,0.0014.0.002
Unknown.Dominant,D,0.0.0029
Dominant.Unknown,C,0.0.0005
Unknown.Recessive,D,0.0058.0.02
None.None,NA,0.0051.0.0084
Dominant.Dominant,C,0.0009.0.023
Dominant.Dominant,D,0.0036.0.0123
Dominant.Dominant,C,0.001.0.0035
Unknown.Recessive,D,0.0009.0.0029
Unknown.Unknown,C,0.0151.0.1349
Unknown.None,C,0.0.0054
Unknown.Unknown,C,0.001.0.0037
None.Unknown,C,0.0017.0.0055
Dominant.Dominant,C,0.0002.0.002
None.Unknown,D,0.002.0.003
Unknown.Unknown,C,0.0026.0.0091
Unknown.None,D,0.0013.0.0093
Dominant.Unknown,D,0.0.0136
Unknown.Unknown,D,0.0016.0.0026
Recessive.Unknown,D,0.0006.0.0022
Unknown.Unknown,D,0.001.0.0021
Unknown.Unknown,D,0.0.0005
Unknown.Unknown,D,0.0039.0.0041
Unknown.Unknown,NA,0.0016.0.0072
Unknown.Unknown,C,0.0.0018
Unknown.Unknown,C,0.0.0152
Unknown.Unknown,C,0.022.0.0292
Unknown.Unknown,C,0.0015.0.0055
Unknown.Unknown,D,0.002.0.0023
None.Unknown,C,0.0008.0.0058
Unknown.Unknown,D,0.0024.0.028
Unknown.Unknown,C,0.0015.0.0048
Unknown.None,C,0.0014.0.0033
Unknown.Unknown,C,0.0.045
Recessive.None,NA,0.0015.0.0089
Unknown.Unknown,C,0.0.007
Unknown.Unknown,C,0.0011.0.0029
Both.Dominant,C,0.0007.0.002
Unknown.None,NA,0.0019.0.0902
None.Unknown,C,0.0053.0.0132
Unknown.Unknown,C,0.002.0.0168
Dominant.Dominant,C,0.0025.0.0464
None.Dominant,D,0.0051.0.0125
None.Unknown,C,0.0024.0.0116
Unknown.Unknown,C,0.0005.0.0135
Unknown.Recessive,D,0.0086.0.057
Recessive.Unknown,C,0.0.0039
Unknown.Unknown,C,0.0041.0.0371
Unknown.Unknown,D,0.002.0.0052
Unknown.Unknown,NA,0.002.0.028
Unknown.Unknown,D,0.0.0012
Unknown.Unknown,C,0.0025.0.0096
Unknown.Recessive,C,0.0.0008
Unknown.Dominant,C,0.0.0024
Unknown.Unknown,C,0.001.0.0166
Recessive.Recessive,C,0.0026.0.0047
Unknown.None,C,0.0011.0.0028
Dominant.Unknown,D,0.0022.0.0223
Unknown.Unknown,D,0.0023.0.0028
None.None,C,0.0006.0.0041
None.None,C,0.003.0.0038
Unknown.Unknown,C,0.0063.0.0084
Unknown.Recessive,C,0.0021.0.0054
Unknown.Unknown,C,0.0009.0.0125
Unknown.None,C,0.0068.0.0177
Dominant.Unknown,C,0.0005.0.0057
Dominant.Both,D,0.0005.0.0018
Unknown.Unknown,D,0.0.002
Unknown.Unknown,C,0.0018.0.006
Unknown.Unknown,C,0.0021.0.0039
Unknown.Unknown,C,0.0042.0.0053
Recessive.Unknown,C,0.0008.0.0136
Unknown.Unknown,C,0.0.0035
Unknown.None,NA,0.0063.0.0279
Unknown.None,NA,0.0008.0.0042
Unknown.Recessive,C,0.0025.0.2063
Unknown.Unknown,D,0.0018.0.0159
Unknown.Unknown,C,0.0026.0.0063
Unknown.Unknown,C,0.002.0.0134
None.Unknown,C,0.0006.0.0031
Recessive.Recessive,NA,0.0.0008
Dominant.Unknown,C,0.0005.0.0034
Recessive.Unknown,C,0.0024.0.0037
Unknown.Unknown,C,0.0015.0.0076
Dominant.None,NA,0.0.128
Unknown.Unknown,C,0.0016.0.062
Both.Recessive,C,0.0046.0.006
Recessive.Unknown,C,0.0075.0.0079
Dominant.None,C,0.0.0025
Unknown.Unknown,C,0.0.01
Unknown.Unknown,C,0.0016.0.0301
Recessive.Recessive,D,0.0.067
None.Unknown,C,0.0053.0.0278
Unknown.Unknown,D,0.0.0019
Unknown.Unknown,C,0.0335.0.1982
Unknown.Unknown,D,0.0006.0.0029
Unknown.Unknown,C,0.0.0013
Unknown.Unknown,C,0.0.0042
Both.Unknown,C,0.0023.0.0034
Unknown.Unknown,D,0.0.0116
Unknown.Recessive,D,0.0012.0.0046
Unknown.None,C,0.001.0.006
Unknown.Unknown,C,0.0.0024
Recessive.Unknown,C,0.0033.0.0081
Dominant.None,C,0.0033.0.0092
Dominant.Unknown,C,0.0018.0.0079
Unknown.Unknown,D,0.0008.0.0053
None.None,C,0.002.0.0053
Unknown.Recessive,D,0.0041.0.0194
Unknown.Dominant,D,0.0008.0.0009
Recessive.Recessive,D,0.005.0.0248
Dominant.Unknown,D,0.0048.0.0097
Unknown.Unknown,C,0.0.0035
Unknown.Unknown,D,0.0006.0.0022
Unknown.None,C,0.0.0102
Recessive.Unknown,C,0.0043.0.013
Dominant.Unknown,C,0.0.0026
Unknown.Unknown,D,0.0034.0.0053
Unknown.Unknown,C,0.0.0054
Unknown.Unknown,D,0.0063.0.0364
None.Unknown,C,0.0009.0.0034
Unknown.Unknown,C,0.0014.0.003
Unknown.Unknown,D,0.0044.0.0118
Dominant.Dominant,C,0.0012.0.0218
Unknown.Unknown,C,0.0118.0.0559
None.Unknown,C,0.003.0.0046
Dominant.Unknown,C,0.0004.0.0008
None.Unknown,D,0.0073.0.0308
Unknown.None,C,0.0.0088
Unknown.Unknown,C,0.0.0016
Dominant.Dominant,D,0.0.0012
Unknown.Unknown,D,0.0029.0.027
Recessive.Unknown,NA,0.0075.0.0144
Unknown.None,NA,0.0.0095
Unknown.Unknown,C,0.0013.0.0018
Unknown.Unknown,C,0.0009.0.0026
Unknown.Unknown,C,0.0014.0.0068
Unknown.None,D,0.0008.0.0021
None.Unknown,C,0.0053.0.3332
Unknown.Unknown,D,0.0027.0.0122
Unknown.Unknown,D,0.0023.0.0024
None.None,C,0.0038.0.0102
Unknown.Recessive,D,0.0.0011
Unknown.Recessive,D,0.0016.0.0028
Recessive.Unknown,C,0.0037.0.01
None.Unknown,C,0.0069.0.0184
Unknown.Unknown,C,0.0011.0.002
Unknown.Unknown,D,0.0004.0.0005
Unknown.Unknown,C,0.0.0007
Unknown.Unknown,C,0.0061.0.0112
Unknown.Both,C,0.0009.0.0082
Dominant.Recessive,D,0.0009.0.0013
None.Unknown,D,0.001.0.0017
Unknown.None,C,0.0011.0.0027
Unknown.Unknown,D,0.0.002
None.None,C,0.0029.0.006
Both.Both,C,0.0007.0.0016
None.Unknown,C,0.0.0016
Unknown.Unknown,C,0.0008.0.002
None.Recessive,C,0.0006.0.0013
Recessive.Recessive,C,0.0036.0.0193
Both.Unknown,C,0.0.0188
None.Recessive,C,0.0037.0.0105
Unknown.Unknown,C,0.0.0006
Unknown.Unknown,NA,0.0.0048
Unknown.Unknown,C,0.0009.0.0078
Unknown.Dominant,D,0.0.0014
Unknown.None,C,0.0.0053
None.Unknown,D,0.0021.0.0514
Unknown.Unknown,C,0.002.0.0282
Unknown.Unknown,D,0.0022.0.0082
Unknown.None,NA,0.0.0021
None.None,C,0.0021.0.0068
None.None,D,0.0.0015
Unknown.Recessive,C,0.0009.0.0036
Unknown.Unknown,D,0.0041.0.0251
Unknown.Unknown,C,0.001.0.004
Unknown.Unknown,C,0.0.0107
None.None,C,0.0022.0.0068
Unknown.Unknown,D,0.0014.0.0136
Dominant.Unknown,C,0.0.0009
Unknown.Unknown,C,0.0267.0.0576
Unknown.Unknown,C,0.0.0045
Unknown.Unknown,C,0.0032.0.0046
Recessive.Recessive,C,0.0006.0.001
Unknown.Unknown,D,0.0.0256
Unknown.Unknown,C,0.0013.0.0014
Recessive.Unknown,D,0.0042.0.0083
Dominant.Unknown,C,0.0044.0.028
Unknown.Unknown,C,0.0011.0.0012
Unknown.Unknown,NA,0.0009.0.005
None.None,C,0.0017.0.0102
Unknown.Unknown,D,0.0027.0.0051
Dominant.Dominant,D,0.0029.0.0761
Unknown.Recessive,D,0.0006.0.0022
Unknown.None,C,0.0.0049
Dominant.Recessive,C,0.0.0008
Unknown.Unknown,D,0.001.0.0014
Unknown.Unknown,C,0.0.0029
Unknown.Unknown,C,0.0012.0.0026
Unknown.Recessive,C,0.0019.0.0443
Unknown.Both,D,0.0.0177
Unknown.Unknown,C,0.0008.0.0023
Dominant.Unknown,C,0.0016.0.0148
Unknown.Unknown,D,0.004.0.015
Unknown.None,C,0.0011.0.0064
Dominant.Unknown,C,0.0.0004
Unknown.Unknown,C,0.0038.0.1128
Dominant.Unknown,C,0.0017.0.0039
Unknown.Unknown,NA,0.0.0067
Dominant.Unknown,C,0.0015.0.0029
Unknown.Dominant,C,0.0005.0.0017
Unknown.Unknown,C,0.0065.0.0143
Unknown.Unknown,NA,0.0064.0.0156
Unknown.Unknown,D,0.0.02
Recessive.Unknown,C,0.0014.0.0033
Unknown.None,C,0.0.0016
None.Unknown,C,0.0021.0.0032
Both.Unknown,C,0.003.0.0034
Unknown.Dominant,D,0.0.0029
Unknown.Unknown,C,0.0012.0.0024
Unknown.Unknown,D,0.0077.0.0082
Recessive.None,C,0.0014.0.0147
Unknown.Unknown,C,0.0025.0.006
Recessive.Recessive,C,0.0029.0.0087
Unknown.Unknown,C,0.0025.0.0029
None.None,C,0.0.0367
Recessive.Both,D,0.0047.0.0408
Unknown.Unknown,C,0.0.0037
None.Unknown,D,0.0.0018
Dominant.Dominant,C,0.0.0009
Unknown.Unknown,C,0.0.0502
Unknown.Unknown,C,0.0005.0.0229
Unknown.Unknown,C,0.0.0039
Dominant.Unknown,C,0.0012.0.0013
None.Unknown,D,0.0.0027
None.Unknown,C,0.0013.0.0023
Unknown.Unknown,D,0.0.0374
Unknown.None,D,0.0015.0.0102
Unknown.Dominant,C,0.0008.0.0065
Unknown.Unknown,D,0.0.0348
None.None,C,0.0053.0.0056
Dominant.Recessive,C,0.0013.0.0043
None.Recessive,D,0.0012.0.0017
Both.Dominant,C,0.0007.0.0012
None.Unknown,D,0.0.0792
Unknown.Unknown,NA,0.002.0.023
Unknown.Unknown,C,0.0022.0.0029
Unknown.Unknown,C,0.0.0078
Unknown.Unknown,C,0.0.002
Unknown.Unknown,C,0.0013.0.0102
Unknown.Unknown,C,0.0029.0.0033
Unknown.Unknown,D,0.0009.0.0292
Unknown.Unknown,C,0.0127.0.0205
Unknown.Unknown,C,0.0.0063
Unknown.Unknown,C,0.0.0065
Recessive.Unknown,C,0.0.0017
Unknown.Unknown,C,0.0023.0.0042
None.Dominant,D,0.0023.0.0097
Unknown.Unknown,C,0.0017.0.0145
Unknown.Unknown,D,0.008.0.0082
Recessive.Recessive,D,0.0036.0.0097
Unknown.None,C,0.0.0057
Unknown.Unknown,C,0.001.0.1819
Unknown.Unknown,C,0.0006.0.0037
Unknown.Unknown,D,0.0019.0.0029
None.Unknown,D,0.0.0105
Unknown.Unknown,C,0.0016.0.0042
None.None,C,0.0024.0.0032
Unknown.Unknown,D,0.0.0266
Unknown.Unknown,C,0.0.003
Unknown.Dominant,D,0.0031.0.0075
Unknown.Unknown,C,0.0025.0.0034
Recessive.Unknown,D,0.0011.0.0012
Unknown.Recessive,D,0.0019.0.0087
Unknown.Both,D,0.0029.0.0177
Unknown.Recessive,D,0.0007.0.0015
Unknown.Unknown,D,0.0036.0.0094
Unknown.Unknown,D,0.0034.0.0075
Unknown.Unknown,C,0.0.0049
Unknown.Unknown,D,0.0.002
Unknown.Unknown,C,0.0.0008
Unknown.Unknown,C,0.0006.0.0392
Dominant.None,C,0.0.012
Dominant.Unknown,C,0.0012.0.0029
Both.Unknown,C,0.0005.0.0153
Dominant.Dominant,D,0.0002.0.0003
Dominant.Unknown,D,0.0013.0.0016
None.Unknown,D,0.0.0091
Unknown.Unknown,D,0.002.0.0034
Dominant.Unknown,D,0.0008.0.0016
Unknown.Unknown,C,0.0.1819
Unknown.None,D,0.0.0066
Dominant.Unknown,C,0.0.0082
Unknown.None,NA,0.0009.0.128
Unknown.None,NA,0.0006.0.0021
Unknown.Unknown,D,0.002.0.0021
Both.Dominant,C,0.0023.0.0033
Dominant.Dominant,D,0.0.0273
None.None,C,0.0013.0.0037
Unknown.Unknown,C,0.0097.0.0277
Unknown.Unknown,D,0.0006.0.0019
Unknown.Recessive,C,0.003.0.0441
Unknown.Unknown,C,0.0205.0.0217
Dominant.Recessive,C,0.0.0226
Unknown.None,NA,0.0063.0.0308
Recessive.Unknown,NA,0.0008.0.0026
Dominant.Recessive,C,0.0013.0.0209
Dominant.Recessive,D,0.0058.0.0064
Recessive.Recessive,C,0.0023.0.024
Unknown.None,D,0.0009.0.0034
Unknown.Unknown,NA,0.0013.0.0015
Unknown.Unknown,C,0.0.0046
None.Recessive,D,0.0018.0.0052
Unknown.None,C,0.0044.0.0064
Unknown.None,NA,0.0063.0.0279
Unknown.Unknown,C,0.0009.0.0234
Unknown.Dominant,D,0.0004.0.0009
Recessive.Unknown,D,0.0006.0.0017
Unknown.Unknown,D,0.0.002
Unknown.Unknown,C,0.0023.0.0035
None.None,C,0.0017.0.0021
Unknown.Unknown,C,0.0.0025
Both.Dominant,C,0.0181.0.0243
Both.Recessive,C,0.0.0049
Unknown.Unknown,C,0.0.0026
Unknown.Recessive,D,0.0008.0.001
Unknown.None,NA,0.0063.0.0279
Unknown.Unknown,D,0.0062.0.0098
Unknown.Recessive,C,0.0.0022
Recessive.Unknown,C,0.0006.0.001
Recessive.Unknown,D,0.0037.0.0082
Unknown.Unknown,D,0.0.1068
Unknown.Unknown,C,0.0.0032
Unknown.Both,D,0.0004.0.0015
Unknown.Unknown,C,0.0011.0.0083
Unknown.Unknown,C,0.0021.0.0024
None.Unknown,D,0.0.0019
Dominant.None,C,0.0008.0.0025
Unknown.Unknown,C,0.0.0015
Unknown.Unknown,C,0.0048.0.0082
Unknown.Unknown,C,0.0.002
Dominant.None,C,0.0028.0.0051
Both.Unknown,C,0.0038.0.0055
Both.Unknown,C,0.004.0.027
Unknown.Unknown,D,0.001.0.0033
Both.Dominant,C,0.0016.0.0017
Unknown.Unknown,D,0.0053.0.0116
Unknown.Unknown,D,0.0024.0.0191
None.Unknown,C,0.0049.0.0053
Dominant.Dominant,C,0.0008.0.0202
Unknown.Both,D,0.0.0028
Unknown.Unknown,C,0.0018.0.0126
Unknown.Unknown,D,0.0023.0.0102
Recessive.Unknown,C,0.0.0024
Unknown.Unknown,D,0.0014.0.0028
Dominant.Unknown,C,0.0.0012
Dominant.Unknown,D,0.0006.0.0015
Unknown.Unknown,C,0.0023.0.0061
Unknown.None,NA,0.0063.0.0306
Unknown.Unknown,C,0.0.0025
None.Unknown,C,0.0.0019
None.Dominant,D,0.0.003
Unknown.Unknown,D,0.0006.0.0017
Recessive.Unknown,C,0.0008.0.0014
Unknown.Unknown,NA,0.0021.0.0048
Unknown.Unknown,C,0.004.0.0054
Unknown.Unknown,C,0.0009.0.0026
Unknown.NA,NA,0.0023.0.0375
Unknown.Unknown,C,0.0008.0.0246
Unknown.Recessive,D,0.0013.0.0022
Unknown.Unknown,C,0.0007.0.0041
None.Unknown,C,0.004.0.0159
Unknown.Dominant,D,0.0044.0.0927
Recessive.None,C,0.0049.0.0188
Unknown.Unknown,C,0.0009.0.0159
Unknown.Recessive,C,0.0.0009
Unknown.Recessive,C,0.0.0105
None.None,C,0.0018.0.0052
Both.Both,D,0.002.0.0054
Unknown.None,C,0.0014.0.0092
Unknown.Unknown,D,0.0013.0.0022
Dominant.None,C,0.0185.0.0433
Dominant.Unknown,D,0.001.0.0082
Unknown.Recessive,C,0.0005.0.0006
Unknown.Recessive,C,0.0057.0.0105
None.Unknown,C,0.0053.0.3292
Dominant.Unknown,C,0.0039.0.0558
Unknown.None,C,0.0.0223
Dominant.Unknown,C,0.0.001
Dominant.Unknown,C,0.0009.0.0015
Unknown.Recessive,C,0.0014.0.0029
Dominant.Recessive,D,0.0004.0.0096
Both.Unknown,C,0.001.0.0031
Unknown.Recessive,C,0.002.0.0026
Dominant.Unknown,C,0.0.0027
Dominant.Unknown,C,0.002.0.0056
Unknown.Dominant,D,0.0.0161
Unknown.Unknown,C,0.0012.0.0116
Unknown.Unknown,NA,0.0.0013
Both.Both,C,0.0181.0.0916
Unknown.None,C,0.0023.0.0092
None.Unknown,C,0.0064.0.0085
Both.Dominant,D,0.0005.0.0006
Dominant.Unknown,C,0.0.0272
Unknown.Unknown,D,0.0.001
Dominant.Recessive,C,0.0021.0.0025
Unknown.Unknown,D,0.0.0025
Unknown.Unknown,C,0.0.0019
Dominant.Unknown,D,0.0.0014
Recessive.Both,C,0.0023.0.0145
Unknown.Unknown,C,0.0175.0.1051
Unknown.None,D,0.0.0021
Unknown.Unknown,C,0.0018.0.0204
None.Both,C,0.0012.0.0061
Unknown.Unknown,C,0.0.0592
Unknown.Unknown,C,0.0005.0.0047
None.Unknown,D,0.0025.0.0041
Dominant.Unknown,C,0.0.0022
Unknown.Unknown,C,0.0014.0.0072
Recessive.Recessive,D,0.0.0003
Unknown.None,NA,0.0002.0.0102
Unknown.Recessive,C,0.0018.0.0522
None.None,C,0.0027.0.0071
Unknown.Unknown,C,0.0.0051
Unknown.Unknown,C,0.0047.0.0135
Unknown.Unknown,C,0.0012.0.0042
None.Dominant,C,0.0.0006
Unknown.Unknown,C,0.0.0018
Dominant.Dominant,D,0.0.0004
Unknown.Unknown,C,0.0822.0.0992
None.Unknown,D,0.0016.0.0019
Unknown.None,D,0.0012.0.0216
Unknown.Unknown,C,0.0023.0.0068
Dominant.Unknown,C,0.0.0271
Recessive.Unknown,C,0.0006.0.0134
Unknown.Unknown,D,0.0094.0.011
None.Recessive,C,0.0025.0.0536
Unknown.Unknown,C,0.0006.0.0073
Unknown.Recessive,C,0.0008.0.0048
Both.Dominant,D,0.0.0596
Dominant.Unknown,C,0.0.0114
Unknown.Unknown,C,0.0.0011
Unknown.Unknown,D,0.0062.0.007
Unknown.Unknown,D,0.0041.0.1398
None.Unknown,D,0.0.004
Unknown.Unknown,C,0.0.0233
Dominant.Unknown,C,0.0009.0.0085
Unknown.Recessive,C,0.0.0013
Dominant.Dominant,NA,0.001.0.0101
Unknown.Recessive,D,0.0023.0.003
Dominant.Dominant,D,0.0043.0.0069
Unknown.Unknown,C,0.0.0015
Unknown.Unknown,C,0.0015.0.0092
Unknown.None,C,0.0.0102
Unknown.Unknown,C,0.0018.0.0335
Unknown.Unknown,D,0.0132.0.0264
Unknown.Unknown,D,0.0.0048
Unknown.Unknown,C,0.0012.0.0111
Recessive.Unknown,D,0.0039.0.0206
Both.Unknown,D,0.0025.0.0043
Unknown.Unknown,C,0.0012.0.004
Unknown.None,D,0.0.0715
Recessive.Recessive,C,0.0027.0.0086
Both.Dominant,C,0.0034.0.0057
Unknown.Both,D,0.0031.0.0032
Dominant.Unknown,C,0.0005.0.002
Unknown.Unknown,C,0.0007.0.002
Dominant.Unknown,D,0.0018.0.03
Unknown.Unknown,D,0.001.0.0038
Unknown.Unknown,C,0.0087.0.1982
Unknown.Both,D,0.0062.0.07
None.Dominant,D,0.0.0067
Unknown.Unknown,C,0.0018.0.0027
Dominant.None,NA,0.0456.0.128
None.None,D,0.0.0161
None.Unknown,C,0.0.0008
Unknown.Unknown,C,0.0.0041
Unknown.Unknown,C,0.0018.0.0404
Unknown.Unknown,D,0.0015.0.0026
Dominant.None,NA,0.0.0038
Unknown.Unknown,C,0.003.0.0065
None.Recessive,D,0.0007.0.0061
Unknown.Both,C,0.0011.0.0102
Recessive.None,C,0.0.008
Unknown.Unknown,C,0.0.0034
Unknown.None,NA,0.0025.0.0067
Recessive.None,C,0.0031.0.0049
Recessive.Unknown,C,0.0.0021
Unknown.Unknown,C,0.0007.0.0009
Unknown.Unknown,D,0.0026.0.0054
Dominant.Unknown,D,0.0017.0.0136
Unknown.Unknown,D,0.0008.0.0024
Dominant.Unknown,C,0.0009.0.0016
Unknown.Unknown,C,0.0011.0.0039
Unknown.Recessive,C,0.0006.0.001
Unknown.Unknown,D,0.0038.0.0043
Unknown.Recessive,C,0.0006.0.0036
Dominant.Unknown,C,0.0011.0.0012
Dominant.Unknown,C,0.0006.0.0026
Unknown.Dominant,C,0.0005.0.0017
Both.Unknown,D,0.0049.0.0099
Dominant.Unknown,C,0.0008.0.0025
Unknown.Dominant,C,0.0.0309
Unknown.Unknown,D,0.002.0.0023
Unknown.Unknown,C,0.0024.0.003
Unknown.Dominant,D,0.0028.0.0175
Unknown.Unknown,C,0.0007.0.0012
Both.Both,C,0.0009.0.001
Unknown.Unknown,D,0.0019.0.0472
Unknown.Recessive,C,0.0.0522
Unknown.None,C,0.0056.0.0064
Both.Recessive,C,0.0022.0.0068
Unknown.Unknown,C,0.0014.0.0155
Unknown.Unknown,C,0.0.0039
None.Unknown,D,0.0562.0.0656
Unknown.Unknown,D,0.0.0008
Dominant.Unknown,D,0.0007.0.0008
Unknown.Unknown,C,0.0.0057
Unknown.Unknown,C,0.0021.0.0109
None.Unknown,C,0.0006.0.0081
Dominant.Both,C,0.001.0.0037
Unknown.Unknown,C,0.0.0016
Unknown.Unknown,C,0.0019.0.0036
Unknown.Unknown,C,0.0014.0.0184
Unknown.Dominant,D,0.0016.0.0196
Unknown.Unknown,D,0.0.0018
Unknown.Dominant,C,0.001.0.0179
Unknown.None,C,0.0.0013
Unknown.Unknown,C,0.0015.0.0033
Unknown.Unknown,C,0.0022.0.0029
Recessive.Recessive,D,0.0028.0.0633
Unknown.Unknown,D,0.0012.0.0025
Recessive.Unknown,C,0.001.0.0052
None.None,C,0.0005.0.0017
Unknown.Unknown,C,0.0009.0.0013
Unknown.Unknown,D,0.0035.0.0223
Recessive.Unknown,C,0.0019.0.0072
Unknown.Unknown,NA,0.0012.0.0245
Recessive.Recessive,C,0.0.0031
Unknown.None,NA,0.0063.0.0259
Unknown.Unknown,D,0.0013.0.0169
Unknown.Dominant,D,0.0.0068
Unknown.None,C,0.0.001
Unknown.None,C,0.0.0161
Unknown.Recessive,C,0.001.0.0024
Recessive.Recessive,D,0.0017.0.0019
Unknown.Unknown,C,0.0012.0.0091
Unknown.Recessive,C,0.0017.0.0026
Unknown.Recessive,D,0.0033.0.0068
None.None,D,0.0025.0.0033
Unknown.Unknown,D,0.0.0011
Unknown.Recessive,D,0.0071.0.0374
Unknown.Unknown,C,0.0.0048
Unknown.Unknown,C,0.0.0098
None.None,D,0.0026.0.0091
Unknown.Unknown,C,0.0.0024
Dominant.Unknown,D,0.0033.0.006
Unknown.Unknown,D,0.007.0.0449
Unknown.Unknown,C,0.0007.0.0054
None.Unknown,D,0.0014.0.0021
Recessive.Dominant,C,0.0027.0.0191
Recessive.Unknown,C,0.0025.0.0289
Unknown.Recessive,D,0.0.0051
Unknown.Recessive,C,0.0.0034
Unknown.Unknown,C,0.0013.0.0103
Unknown.Recessive,D,0.0.0026
Unknown.Dominant,C,0.0.0762
Unknown.Unknown,C,0.0018.0.1982
Unknown.Unknown,C,0.0007.0.0019
Unknown.Unknown,D,0.0071.0.011
Unknown.Unknown,D,0.0016.0.0022
Both.Recessive,D,0.0023.0.0106
None.Dominant,D,0.0.005
Unknown.Unknown,C,0.0015.0.0066
Dominant.Unknown,C,0.0044.0.0274
Unknown.None,C,0.0016.0.0026
Unknown.Unknown,C,0.0029.0.0055
None.Unknown,C,0.0053.0.3292
None.None,C,0.0.0012
Unknown.Recessive,C,0.0018.0.0086
Unknown.Unknown,D,0.0.0007
Unknown.Unknown,C,0.0019.0.0043
Dominant.Unknown,D,0.0022.0.0406
Recessive.Dominant,D,0.0226.0.0372
Dominant.Unknown,D,0.0.013
Recessive.Unknown,D,0.0015.0.0242
Unknown.Unknown,D,0.0034.0.0136
Unknown.Unknown,NA,0.0011.0.0014
Unknown.Unknown,C,0.0043.0.0045
Recessive.Recessive,C,0.0045.0.0089
Unknown.Recessive,D,0.0015.0.0022
Unknown.Recessive,C,0.0008.0.0015
Unknown.Unknown,C,0.0011.0.0226
None.Unknown,NA,0.0021.0.0023
Unknown.None,C,0.0.0181
Dominant.None,C,0.0003.0.0084
Unknown.Unknown,C,0.0.0022
Unknown.Unknown,D,0.0.0077
Recessive.Unknown,C,0.0014.0.004
Recessive.Recessive,C,0.0032.0.0038
Unknown.None,NA,0.0063.0.0287
Unknown.Unknown,C,0.0.0208
Both.Unknown,D,0.0.0373
Unknown.Dominant,C,0.0008.0.001
Unknown.Unknown,C,0.0.0039
Unknown.Unknown,C,0.0006.0.0083
Unknown.Unknown,NA,0.003.0.0031
Dominant.Unknown,D,0.0014.0.0049
Unknown.None,C,0.0.0016
Unknown.Unknown,NA,0.0064.0.0096
Unknown.Unknown,NA,0.001.0.0023
Unknown.Unknown,C,0.0018.0.0135
Recessive.Recessive,D,0.0018.0.0173
Dominant.Unknown,D,0.0.001
Unknown.Unknown,C,0.0016.0.0021
Unknown.None,D,0.0.003
None.Unknown,D,0.0.0014
Unknown.None,C,0.0.0187
Dominant.Dominant,NA,0.0.0101
Unknown.Unknown,C,0.0005.0.0015
Recessive.Recessive,D,0.0005.0.0016
Dominant.Recessive,C,0.0.0017
Both.Dominant,D,0.0029.0.0045
Dominant.Unknown,C,0.0096.0.0109
Unknown.Unknown,C,0.002.0.0024
Unknown.Unknown,C,0.0.0008
Unknown.Unknown,NA,0.0.0011
Unknown.Unknown,D,0.0022.0.0348
Unknown.Unknown,C,0.0045.0.0186
Unknown.Dominant,D,0.002.0.0074
None.Unknown,C,0.0.0013
Unknown.Unknown,C,0.0048.0.0273
None.Unknown,C,0.002.0.0167
Unknown.Unknown,D,0.0018.0.0056
Unknown.Unknown,C,0.0015.0.0041
Unknown.Unknown,C,0.0022.0.0026
None.Recessive,D,0.0029.0.0055
None.None,C,0.0005.0.0023
Unknown.Unknown,C,0.0014.0.0071
Unknown.Unknown,C,0.0036.0.0071
Unknown.None,C,0.0041.0.0064
Unknown.Unknown,C,0.0138.0.0392
Recessive.None,C,0.0025.0.0035
Dominant.Unknown,C,0.0.0013
Unknown.Recessive,D,0.0006.0.001
Recessive.Unknown,C,0.0009.0.0018
Unknown.Unknown,C,0.0017.0.003
None.Unknown,C,0.0.0177
Unknown.Unknown,D,0.0021.0.0035
Unknown.Unknown,C,0.0015.0.0073
Unknown.None,C,0.0023.0.0027
Unknown.Recessive,D,0.0043.0.1087
Unknown.Unknown,D,0.0.0029
Unknown.Unknown,C,0.001.0.0012
None.Both,C,0.0039.0.0076
Unknown.Unknown,C,0.001.0.0316
Dominant.Recessive,C,0.0.0029
Unknown.Dominant,C,0.0031.0.0051
Unknown.Unknown,C,0.011.0.0264
Unknown.Unknown,D,0.0135.0.0136
Unknown.Unknown,C,0.0022.0.0035
Unknown.None,D,0.0.0021
Unknown.Both,C,0.0011.0.0015
Recessive.Unknown,C,0.0007.0.003
Unknown.Unknown,D,0.0.0017
Unknown.Unknown,C,0.0016.0.0027
Dominant.Recessive,C,0.0003.0.0033
Dominant.Recessive,D,0.0022.0.0023
Unknown.Dominant,D,0.0005.0.0016
Unknown.Recessive,C,0.0.0029
Unknown.Unknown,D,0.004.0.0044
Unknown.Unknown,NA,0.0.0034
Recessive.None,D,0.0009.0.0031
Recessive.Recessive,D,0.0012.0.0021
Recessive.Unknown,C,0.002.0.042
Dominant.Dominant,C,0.0.0175
Recessive.Unknown,C,0.0115.0.0204
None.None,D,0.0009.0.001
Unknown.Unknown,C,0.0035.0.0094
Unknown.Unknown,C,0.0.0011
Dominant.Dominant,D,0.0025.0.0043
Unknown.Unknown,NA,0.0125.0.035
Recessive.Unknown,C,0.0008.0.0017
Unknown.Unknown,D,0.0004.0.026
Unknown.None,NA,0.0.0027
Unknown.Unknown,C,0.0.0329
Unknown.Unknown,D,0.0006.0.0032
None.None,C,0.0013.0.0027
Dominant.Unknown,C,0.0038.0.0781
Unknown.Dominant,D,0.0049.0.0179
Unknown.Unknown,C,0.0005.0.0083
Unknown.Unknown,D,0.0009.0.0089
Recessive.Unknown,C,0.0.0112
Recessive.Unknown,C,0.0006.0.0073
Unknown.Unknown,C,0.0022.0.0226
Unknown.Unknown,D,0.002.0.0025
Dominant.Both,C,0.0016.0.0077
Unknown.None,C,0.0018.0.0147
Recessive.Recessive,D,0.0011.0.0062
Unknown.Unknown,C,0.0025.0.011
Recessive.Unknown,C,0.001.0.0075
Unknown.Unknown,C,0.0025.0.0074
Unknown.Unknown,NA,0.0014.0.002
Both.Unknown,C,0.0049.0.0088
Unknown.Recessive,D,0.0014.0.0052
Unknown.Recessive,C,0.0019.0.0105
Dominant.Dominant,C,0.0043.0.0464
Unknown.None,D,0.018.0.2229
Unknown.Unknown,C,0.0.0017
Unknown.Unknown,C,0.0053.0.0075
None.Unknown,D,0.0029.0.0047
Dominant.Unknown,C,0.0.0027
Both.None,NA,0.0.0048
Unknown.Unknown,D,0.0.0164
Unknown.Unknown,D,0.0.0116
Dominant.Unknown,C,0.0.003
Unknown.Dominant,D,0.0.0022
Dominant.Dominant,D,0.0023.0.0035
Dominant.Recessive,D,0.0.0009
Unknown.Unknown,NA,0.0008.0.0022
Recessive.Unknown,C,0.0.0339
Unknown.Unknown,C,0.0026.0.1073
Unknown.Unknown,C,0.0008.0.0009
Unknown.None,C,0.0.0026
Both.Both,C,0.0009.0.003
Unknown.Unknown,D,0.0016.0.0056
Recessive.Unknown,C,0.0.0014
Recessive.None,C,0.0.0029
Unknown.Unknown,C,0.0016.0.003
Unknown.Unknown,NA,0.0033.0.0041
Dominant.None,C,0.0.0022
Unknown.None,C,0.0.0023
Unknown.Dominant,C,0.0009.0.0179
Unknown.None,D,0.001.0.0136
Recessive.None,C,0.0025.0.0033
None.None,C,0.0005.0.0013
Dominant.Unknown,C,0.0009.0.0014
Recessive.None,NA,0.0111.0.018
Unknown.Unknown,NA,0.0.001
Unknown.Unknown,C,0.0011.0.0014
Unknown.Unknown,C,0.0046.0.0787
Dominant.Both,C,0.002.0.0061
Unknown.Unknown,D,0.0.0036
Unknown.Unknown,C,0.001.0.0022
Unknown.Unknown,C,0.0017.0.0092
Recessive.Unknown,C,0.0026.0.037
Unknown.None,C,0.0034.0.0092
Unknown.None,NA,0.0063.0.0508
Unknown.None,C,0.0.0012
Unknown.Unknown,C,0.0003.0.0143
Unknown.Unknown,D,0.0.0011
None.Unknown,D,0.0036.0.0039
Unknown.Dominant,C,0.0015.0.1268
Unknown.Unknown,C,0.0059.0.011
None.Unknown,C,0.0035.0.0062
Unknown.Unknown,D,0.0.0523
Unknown.Unknown,D,0.0085.0.0849
None.None,D,0.0001.0.0047
Unknown.None,C,0.0056.0.0057
Unknown.None,C,0.0016.0.0029
Recessive.Both,C,0.0039.0.0057
Unknown.Unknown,D,0.0043.0.0256
Unknown.Unknown,C,0.0005.0.0135
Unknown.Unknown,C,0.0014.0.0102
None.None,C,0.0.0027
Unknown.Unknown,D,0.0.003
Unknown.Unknown,C,0.0025.0.044
Unknown.Unknown,C,0.001.0.004
Unknown.Unknown,D,0.0.0061
Unknown.Unknown,C,0.0011.0.0012
Unknown.Recessive,C,0.0.0038
Both.None,NA,0.0007.0.0012
Unknown.Unknown,C,0.0086.0.0691
None.None,C,0.0.0025
Recessive.Unknown,C,0.0026.0.0047
Dominant.Unknown,D,0.0.0008
Unknown.Unknown,C,0.0058.0.0094
Unknown.Unknown,C,0.0.0024
Unknown.Unknown,C,0.0025.0.0078
Unknown.Unknown,D,0.0.0029
Dominant.Unknown,C,0.0004.0.002
Unknown.Dominant,C,0.0.0065
Unknown.Unknown,D,0.0012.0.0023
Dominant.Dominant,C,0.0.001
Unknown.Unknown,C,0.001.0.0075
Recessive.Recessive,C,0.0003.0.0049
Recessive.Unknown,C,0.0014.0.0304
Unknown.Unknown,D,0.0031.0.0067
None.Unknown,NA,0.0013.0.0021
None.None,D,0.0011.0.0049
Recessive.Unknown,C,0.0044.0.0204
Recessive.None,C,0.0.0092
Unknown.Unknown,C,0.001.0.0033
Dominant.Unknown,C,0.0.0039
Unknown.Unknown,C,0.0007.0.0341
Dominant.Dominant,D,0.0006.0.0009
Unknown.Unknown,C,0.0.0009
Unknown.Unknown,C,0.0009.0.0021
Dominant.Unknown,C,0.0009.0.004
None.Unknown,C,0.0045.0.0055
Unknown.Recessive,C,0.0.0039
Recessive.Unknown,D,0.0.0032
Dominant.Unknown,C,0.0.003
Unknown.Unknown,C,0.0006.0.0013
Unknown.None,NA,0.0063.0.0341
None.Dominant,D,0.0005.0.0026
Unknown.Unknown,C,0.0.0012
Unknown.None,D,0.0016.0.0059
Dominant.None,C,0.0018.0.0052
Unknown.Unknown,C,0.0013.0.0085
None.Unknown,D,0.0038.0.0063
None.Unknown,C,0.0008.0.0196
Unknown.Unknown,D,0.0029.0.0089
Unknown.Unknown,C,0.0018.0.0076
Unknown.Unknown,C,0.001.0.0038
Unknown.Unknown,C,0.0.0013
Recessive.Unknown,NA,0.0.0023
Unknown.Unknown,D,0.0.0514
Unknown.Unknown,D,0.0.0031
Dominant.None,NA,0.0025.0.0042
Dominant.Unknown,C,0.0.0063
Unknown.Unknown,C,0.0.0024
Dominant.Dominant,C,0.0037.0.0127
None.Unknown,D,0.0025.0.0151
Dominant.Dominant,D,0.0027.0.0075
Unknown.Recessive,C,0.0026.0.0063
Unknown.Unknown,C,0.0.022
Unknown.None,C,0.0.026
Unknown.Unknown,C,0.0004.0.001
Unknown.Unknown,C,0.0.0396
Unknown.Unknown,C,0.0044.0.009
Unknown.Unknown,C,0.004.0.016
Recessive.None,C,0.0028.0.0029
Unknown.Unknown,C,0.002.0.0027
Unknown.Unknown,D,0.0055.0.0151
Unknown.Unknown,D,0.0019.0.0023
Unknown.Unknown,C,0.0015.0.0042
Unknown.Unknown,D,0.0018.0.0025
None.Unknown,C,0.0018.0.0143
Dominant.Dominant,C,0.0012.0.0069
Unknown.Unknown,C,0.0023.0.0135
Recessive.Unknown,C,0.0013.0.0029
Unknown.Unknown,D,0.0017.0.0033
Unknown.Unknown,D,0.0018.0.0173
Unknown.Unknown,C,0.0005.0.0023
Dominant.Recessive,C,0.0008.0.0441
Both.Unknown,C,0.004.0.0084
Dominant.None,C,0.0.0012
Unknown.Unknown,C,0.0012.0.0022
Unknown.Unknown,D,0.0011.0.0059
Recessive.Unknown,C,0.0035.0.0055
Unknown.Unknown,C,0.007.0.0098
Unknown.None,C,0.0011.0.0073
Dominant.Both,C,0.0007.0.0016
Unknown.Recessive,C,0.0051.0.0052
Unknown.Unknown,C,0.0.0201
Unknown.Unknown,C,0.0088.0.0208
Recessive.Recessive,D,0.0018.0.0026
Recessive.Recessive,NA,0.0023.0.0033
Unknown.Unknown,D,0.003.0.0033
Unknown.Dominant,D,0.0.0029
Unknown.None,D,0.0014.0.0015
Unknown.Unknown,C,0.0018.0.0074
None.Dominant,D,0.0.0014
None.Unknown,C,0.0.0442
Unknown.Unknown,C,0.0029.0.0114
Recessive.None,D,0.0027.0.0081
Unknown.Recessive,D,0.0004.0.0011
Dominant.Unknown,C,0.0.0013
Unknown.Unknown,D,0.0033.0.0055
Unknown.Unknown,C,0.0009.0.0024
Unknown.Unknown,C,0.0018.0.0081
Recessive.Recessive,C,0.0015.0.004
Unknown.Recessive,C,0.0.007
Unknown.Unknown,C,0.0006.0.0047
Unknown.Unknown,D,0.0.0015
Unknown.Unknown,C,0.0.0093
Both.Unknown,C,0.0427.0.1039
Unknown.Unknown,C,0.0005.0.007
Unknown.Unknown,C,0.0026.0.0094
None.None,C,0.0.0042
Unknown.Recessive,C,0.0009.0.0036
None.None,C,0.0.0011
Both.Dominant,D,0.0014.0.0025
Unknown.Unknown,D,0.0.0215
Recessive.Both,C,0.0035.0.0043
Unknown.Unknown,C,0.0.0009
Unknown.Unknown,C,0.0011.0.0018
Unknown.Unknown,C,0.006.0.0083
Unknown.None,C,0.0.0037
Unknown.Unknown,C,0.0012.0.0072
Unknown.None,C,0.0063.0.048
Unknown.Unknown,D,0.0022.0.0049
Recessive.Unknown,D,0.0017.0.0148
Unknown.Unknown,D,0.0005.0.0605
Unknown.None,C,0.0004.0.0074
None.Unknown,D,0.0.0017
Unknown.None,D,0.0013.0.0022
None.Unknown,C,0.0015.0.003
Dominant.Unknown,C,0.0013.0.044
Unknown.Unknown,C,0.0.005
Unknown.Unknown,C,0.0073.0.0095
Unknown.Unknown,D,0.0055.0.009
Dominant.Unknown,C,0.0009.0.0013
Unknown.Unknown,C,0.0016.0.003
Unknown.Dominant,C,0.0021.0.0048
Dominant.Dominant,C,0.0007.0.0034
Unknown.Unknown,C,0.0.0016
Unknown.Unknown,C,0.0.001
Dominant.Unknown,C,0.0022.0.0279
Unknown.Recessive,C,0.0021.0.0033
None.Dominant,D,0.0008.0.0185
Recessive.Unknown,C,0.0.0007
None.Unknown,C,0.0.0013
Unknown.Unknown,C,0.0.0024
Both.Unknown,C,0.0021.0.0044
Dominant.Recessive,D,0.0011.0.0012
Both.Recessive,C,0.002.0.004
Recessive.Unknown,D,0.0016.0.0348
Unknown.Unknown,C,0.0.0187
Unknown.Unknown,D,0.0116.0.0912
None.Unknown,D,0.0012.0.0025
Unknown.Unknown,C,0.0011.0.004
Unknown.Unknown,C,0.0007.0.0171
Unknown.Unknown,C,0.0023.0.0042
Unknown.None,C,0.0.0116
Recessive.Unknown,C,0.0014.0.006
Unknown.Unknown,C,0.0.0032
Unknown.Unknown,D,0.0.007
Unknown.Unknown,C,0.0013.0.0029
Unknown.Unknown,C,0.0.0026
None.Recessive,C,0.0027.0.0038
Unknown.Recessive,D,0.0005.0.0018
Unknown.None,C,0.0009.0.002
Unknown.Unknown,D,0.0072.0.0216
Unknown.Unknown,NA,0.0015.0.0069
Unknown.Recessive,C,0.0024.0.0063
Dominant.Dominant,C,0.0.0014
Unknown.Unknown,C,0.0021.0.0024
Unknown.Unknown,C,0.0.0059
Unknown.Both,C,0.0009.0.0448
None.Unknown,D,0.0019.0.003
Dominant.Dominant,C,0.0038.0.036
Unknown.Unknown,D,0.0014.0.0026
Unknown.Both,C,0.0077.0.0116
Unknown.Dominant,C,0.0.0024
Unknown.None,NA,0.0063.0.0279
Unknown.None,D,0.0.0013
Unknown.Recessive,D,0.0.0211
Unknown.Unknown,C,0.0007.0.0009
Unknown.Dominant,C,0.0049.0.0051
Unknown.Unknown,D,0.0055.0.0111
Unknown.None,C,0.0.0298
Recessive.Recessive,NA,0.002.0.0034
Recessive.Unknown,NA,0.0.0117
Unknown.Unknown,D,0.0084.0.0477
Unknown.Both,C,0.007.0.07
Unknown.Unknown,C,0.0.0009
Dominant.Both,C,0.0022.0.0049
Dominant.Unknown,D,0.0.0015
Dominant.Unknown,C,0.001.0.008
Unknown.None,C,0.0014.0.0019
Dominant.Unknown,D,0.0018.0.0079
Unknown.Unknown,C,0.0026.0.004
Unknown.Unknown,C,0.0006.0.0033
Recessive.None,C,0.0.0025
Unknown.Unknown,D,0.0.0013
Dominant.Unknown,C,0.0.0051
Unknown.Recessive,D,0.0025.0.0031
Both.Both,C,0.0015.0.0097
Unknown.Unknown,C,0.0.1047
Unknown.Unknown,C,0.0011.0.0201
Recessive.Unknown,NA,0.0008.0.0329
Dominant.Recessive,D,0.0018.0.1926
Recessive.Unknown,C,0.0.0014
Unknown.Unknown,C,0.0007.0.0205
Recessive.Recessive,D,0.0035.0.0064
Unknown.Dominant,C,0.0007.0.0015
Unknown.None,NA,0.0111.0.0501
Recessive.None,C,0.001.0.0018
Unknown.None,C,0.0009.0.0206
Dominant.Dominant,C,0.0.0004
Unknown.Unknown,C,0.0014.0.0015
Unknown.Unknown,C,0.0063.0.0102
Unknown.Dominant,C,0.0019.0.0035
Unknown.Unknown,C,0.0008.0.0027
Unknown.Unknown,C,0.0018.0.0051
Unknown.Unknown,C,0.0.0087
Unknown.Dominant,D,0.0007.0.0011
Unknown.Unknown,D,0.0009.0.022
Unknown.Unknown,C,0.0.0136
None.Unknown,D,0.0008.0.0015
Unknown.Unknown,C,0.0017.0.0042
Unknown.Unknown,D,0.0024.0.0274
Unknown.Unknown,C,0.0.002
Unknown.Dominant,D,0.0014.0.0016
Unknown.Unknown,C,0.0007.0.0015
Unknown.Unknown,C,0.0.0034
Dominant.Dominant,C,0.0.0007
Unknown.Dominant,D,0.0043.0.0175
Unknown.Unknown,C,0.0.0102
Both.None,C,0.0.0048
Dominant.Unknown,C,0.0008.0.0049
Unknown.Unknown,C,0.0023.0.0136
Unknown.Recessive,D,0.0008.0.0027
Unknown.Recessive,D,0.0014.0.009
Unknown.Dominant,NA,0.0011.0.0127
Unknown.None,D,0.0026.0.0033
Both.Both,C,0.0041.0.0043
Dominant.Both,C,0.0019.0.0032
Unknown.Unknown,D,0.0.0011
Unknown.Unknown,C,0.0023.0.0058
Unknown.Unknown,C,0.0.0027
Unknown.Dominant,C,0.0.0138
None.Recessive,C,0.0011.0.0245
Dominant.Dominant,C,0.0003.0.0011
Dominant.Dominant,D,0.0006.0.0133
Unknown.Unknown,C,0.0023.0.1571
Dominant.Recessive,D,0.0057.0.0108
Unknown.Unknown,D,0.0.0011
Recessive.Unknown,C,0.0025.0.0062
Unknown.None,D,0.0.0108
Unknown.Recessive,D,0.0.0005
Unknown.Unknown,C,0.0.0029
Unknown.Dominant,D,0.0.0007
Dominant.None,C,0.0025.0.0062
Both.Dominant,D,0.0016.0.0175
Unknown.Unknown,NA,0.0005.0.0012
Unknown.Unknown,C,0.0013.0.0278
None.Unknown,D,0.0119.0.0291
Unknown.Unknown,D,0.0.0172
Both.Recessive,D,0.0005.0.001
Unknown.Unknown,D,0.0043.0.0057
Unknown.Unknown,D,0.0009.0.0014
Unknown.Unknown,C,0.0016.0.0028
Unknown.Unknown,D,0.0013.0.0049
Unknown.Unknown,D,0.0021.0.0027
Unknown.Unknown,D,0.0.001
Unknown.Unknown,C,0.0006.0.0191
Dominant.None,C,0.0.0007
Unknown.Unknown,C,0.0009.0.0592
Unknown.Unknown,C,0.0088.0.0266
Unknown.None,NA,0.0063.0.0268
Unknown.Unknown,D,0.0.0063
None.Recessive,C,0.0012.0.2063
None.Recessive,C,0.0.0135
Unknown.Recessive,C,0.0018.0.0019
Unknown.Unknown,C,0.0.0027
Dominant.Recessive,C,0.0.003
Unknown.Unknown,C,0.0009.0.0018
Unknown.Unknown,D,0.0.002
Dominant.Both,C,0.0005.0.0016
Unknown.Unknown,C,0.0.0004
Unknown.Unknown,C,0.0.013
Unknown.Unknown,C,0.0006.0.0024
Unknown.Unknown,D,0.0005.0.0011
Unknown.Recessive,D,0.0077.0.0226
Unknown.Unknown,D,0.0.0035
Both.Unknown,D,0.0017.0.0043
Unknown.Unknown,C,0.0059.0.0078
Unknown.None,NA,0.0063.0.0279
None.Recessive,C,0.0011.0.0014
None.Unknown,D,0.0.0004
None.Unknown,C,0.0025.0.0107
Recessive.Both,D,0.0013.0.002
Unknown.Unknown,D,0.0.0106
Unknown.Unknown,C,0.0.0009
Unknown.None,C,0.0.0041
Unknown.Unknown,C,0.0.0081
Dominant.Unknown,C,0.0007.0.0008
Unknown.Dominant,NA,0.0023.0.0158
Unknown.Unknown,C,0.0071.0.0078
Recessive.Unknown,C,0.002.0.0204
Unknown.Unknown,C,0.0018.0.0522
Unknown.Recessive,D,0.0005.0.0008
Unknown.Unknown,C,0.0093.0.1103
Unknown.Unknown,C,0.0047.0.0079
Unknown.Unknown,C,0.0.0017
Unknown.None,C,0.0011.0.0082
Unknown.Unknown,D,0.0.0017
Unknown.Unknown,D,0.0009.0.0308
Unknown.Unknown,D,0.0.0839
Recessive.Unknown,C,0.0007.0.0075
Unknown.Unknown,D,0.0024.0.0266
None.None,C,0.0005.0.0013
Both.Unknown,C,0.0009.0.0025
Unknown.Unknown,C,0.0.0005
Unknown.Unknown,C,0.0036.0.0094
Both.Dominant,C,0.0181.0.0369
Both.Unknown,C,0.0009.0.0227
Unknown.Unknown,C,0.0084.0.027
Unknown.Recessive,D,0.0017.0.0445
Unknown.Unknown,C,0.0.0015
Unknown.Unknown,C,0.0.0029
Unknown.Unknown,D,0.0079.0.0222
Recessive.Dominant,C,0.0.0012
Recessive.Both,C,0.0017.0.0077
Unknown.Unknown,C,0.0002.0.0264
Unknown.Unknown,C,0.0.0079
Unknown.Unknown,C,0.0014.0.006
Unknown.Unknown,C,0.0.0009
Recessive.Dominant,D,0.0.0525
Recessive.Unknown,C,0.0023.0.0944
Dominant.Unknown,C,0.0006.0.0009
Unknown.Unknown,D,0.0011.0.0019
None.None,C,0.0018.0.0257
Unknown.Unknown,C,0.0.0029
Unknown.None,C,0.0.0024
None.Unknown,NA,0.0023.0.0347
Unknown.Unknown,C,0.0.0005
Unknown.Unknown,C,0.0023.0.0044
Dominant.Unknown,C,0.0008.0.004
Unknown.Unknown,C,0.0.0025
Unknown.Unknown,D,0.0008.0.0016
Unknown.None,C,0.0.0035
Unknown.Unknown,C,0.0.0012
Dominant.Unknown,D,0.0006.0.0015
None.Recessive,C,0.0012.0.0016
Unknown.Unknown,D,0.0.0091
Unknown.None,C,0.0047.0.0239
Unknown.Unknown,C,0.0009.0.0038
Unknown.Recessive,C,0.0011.0.0042
Unknown.Unknown,D,0.0005.0.001
Unknown.Unknown,C,0.0018.0.0034
Unknown.Both,D,0.0011.0.0075
Unknown.Recessive,D,0.0047.0.0052
Recessive.Unknown,C,0.0007.0.0008
None.Recessive,C,0.0011.0.006
Unknown.Unknown,C,0.0.0063
Unknown.Dominant,C,0.0.0057
Unknown.Unknown,C,0.0.0047
Dominant.Dominant,C,0.0.0031
Unknown.Unknown,D,0.0039.0.0191
Unknown.Unknown,C,0.0032.0.0167
Unknown.Unknown,D,0.0004.0.0123
Unknown.Unknown,C,0.0008.0.005
Unknown.Unknown,D,0.0.05
None.Both,D,0.0013.0.0026
Unknown.Unknown,D,0.0012.0.0501
Unknown.Unknown,D,0.0039.0.0328
Unknown.Unknown,C,0.0026.0.0049
Unknown.Unknown,D,0.0.0014
Unknown.Unknown,D,0.0015.0.0123
Unknown.Unknown,C,0.0.001
Unknown.Dominant,C,0.0.0006
Unknown.Unknown,D,0.0.033
None.Recessive,D,0.0149.0.2
Recessive.None,NA,0.001.0.0137
Unknown.Unknown,C,0.0022.0.0055
None.None,D,0.0.0011
Unknown.Unknown,C,0.0013.0.0022
Unknown.Unknown,C,0.0007.0.0029
Recessive.None,D,0.0021.0.0031
Recessive.Unknown,C,0.0043.0.0095
Unknown.Unknown,D,0.0014.0.0033
Unknown.None,C,0.0062.0.0212
Dominant.Unknown,D,0.0064.0.016
Unknown.Unknown,C,0.0006.0.0162
Unknown.Unknown,D,0.0029.0.0092
None.Unknown,C,0.0017.0.0078
Recessive.Unknown,C,0.0.0016
Unknown.Recessive,D,0.0.0029
Unknown.Unknown,C,0.0025.0.0049
Unknown.Unknown,C,0.0018.0.0087
Unknown.Unknown,C,0.0.003
Unknown.Unknown,D,0.0055.0.0092
Both.Unknown,C,0.0145.0.0944
Unknown.None,D,0.0021.0.0026
Unknown.Unknown,D,0.0018.0.0136
Unknown.Unknown,D,0.0011.0.0839
Unknown.Dominant,C,0.0008.0.0048
Dominant.Unknown,C,0.0018.0.0026
Unknown.Unknown,D,0.0.001
Unknown.Unknown,D,0.0.0007
Unknown.Unknown,C,0.0032.0.0332
Both.Unknown,D,0.0038.0.0308
Unknown.Dominant,C,0.0023.0.0033
Unknown.Unknown,C,0.0013.0.0034
Unknown.Unknown,D,0.0051.0.0062
Unknown.Unknown,C,0.0.0009
Unknown.Both,D,0.0005.0.0027
Recessive.Recessive,D,0.0064.0.1926
Unknown.Unknown,D,0.0015.0.0286
None.None,D,0.0031.0.0043
None.Unknown,C,0.0012.0.0136
Unknown.Unknown,C,0.0015.0.0102
Unknown.Unknown,D,0.0017.0.0026
Dominant.Dominant,C,0.0005.0.0034
Unknown.None,NA,0.0063.0.0259
Unknown.None,NA,0.0063.0.0278
Dominant.Dominant,D,0.0005.0.0006
Unknown.Unknown,C,0.0013.0.0015
Unknown.Unknown,C,0.0026.0.0058
None.None,D,0.0034.0.004
None.Unknown,C,0.0019.0.006
Dominant.Unknown,C,0.0.001
Recessive.Recessive,D,0.002.0.0041
Unknown.Unknown,C,0.0.0042
Unknown.Unknown,C,0.0.0008
Unknown.Unknown,C,0.0018.0.0108
Unknown.Unknown,D,0.0033.0.0092
Both.Both,D,0.0016.0.0054
Both.Unknown,C,0.0006.0.0041
Unknown.None,D,0.0077.0.012
Unknown.Unknown,C,0.0.0032
Unknown.Unknown,C,0.0008.0.0027
Unknown.None,C,0.0.0867
Both.Dominant,NA,0.0.0158
Unknown.Unknown,D,0.0008.0.0009
Unknown.Unknown,D,0.0.0006
Unknown.Unknown,C,0.0039.0.0045
Recessive.Unknown,D,0.0.0008
None.None,C,0.0.0023
Unknown.Unknown,C,0.0009.0.0037
Unknown.Unknown,D,0.0006.0.001
Dominant.Both,C,0.0005.0.0016
Unknown.Unknown,C,0.0012.0.0014
Unknown.Unknown,D,0.0007.0.022
Unknown.Unknown,C,0.0.0917
None.None,C,0.0.0086
Unknown.Dominant,D,0.0041.0.0757
Unknown.Unknown,D,0.002.0.0369
Unknown.Unknown,C,0.0009.0.0037
Unknown.Unknown,C,0.0021.0.0027
Unknown.Unknown,D,0.0027.0.0072
Dominant.Dominant,D,0.0.0012
Dominant.Unknown,D,0.0024.0.026
Unknown.Unknown,C,0.0008.0.003
Dominant.Dominant,D,0.001.0.0372
None.Unknown,D,0.0.0016
None.Recessive,C,0.0036.0.0135
Unknown.Unknown,C,0.0034.0.0135
Recessive.None,D,0.0.0009
Unknown.Recessive,C,0.0.0022
Recessive.Recessive,C,0.0024.0.0542
Dominant.Dominant,C,0.0003.0.0501
None.Unknown,NA,0.0029.0.0033
None.Unknown,C,0.0009.0.0071
Recessive.Dominant,D,0.0034.0.0075
Unknown.Unknown,C,0.0224.0.0278
Unknown.Unknown,C,0.0087.0.0108
None.Unknown,D,0.0.001
Unknown.Dominant,D,0.0062.0.0191
Dominant.Dominant,C,0.0015.0.002
Unknown.Unknown,D,0.0.0008
Unknown.Unknown,D,0.0.0013
Unknown.Unknown,C,0.0013.0.0142
Both.Unknown,C,0.0026.0.023
Dominant.Dominant,C,0.0005.0.0034
Unknown.Unknown,D,0.001.0.005
Unknown.Unknown,D,0.0014.0.0148
Unknown.None,C,0.0016.0.0019
Unknown.Unknown,D,0.0013.0.02
Unknown.Unknown,D,0.0004.0.0605
Unknown.None,C,0.0.0088
Recessive.Unknown,C,0.0046.0.0097
Both.Unknown,C,0.0037.0.0442
Unknown.Unknown,D,0.0009.0.0028
Unknown.Unknown,C,0.0.0015
Recessive.Unknown,C,0.0009.0.0014
Unknown.Recessive,D,0.002.0.0329
Unknown.None,D,0.0.0008
Unknown.Dominant,C,0.0008.0.0059
Unknown.Unknown,C,0.0022.0.0023
Recessive.Unknown,D,0.0162.0.0245
Unknown.Unknown,C,0.0007.0.0057
Dominant.Unknown,C,0.0.002
Dominant.Unknown,C,0.0.0022
Unknown.Unknown,D,0.0.0034
Unknown.Recessive,D,0.0.0016
Unknown.Unknown,C,0.002.0.0028
None.None,C,0.0037.0.0105
Unknown.Recessive,C,0.0009.0.0184
Dominant.Unknown,C,0.0017.0.0127
Unknown.Unknown,D,0.0.0009
Both.Unknown,C,0.001.0.0031
Unknown.None,NA,0.0063.0.0267
Unknown.Dominant,C,0.0.0048
Recessive.Unknown,C,0.0.0016
Unknown.Unknown,C,0.0117.0.0278
Unknown.Recessive,C,0.0004.0.0008
Unknown.Dominant,C,0.0004.0.0024
None.None,D,0.0002.0.003
Dominant.Unknown,C,0.0.0029
Unknown.Unknown,C,0.0017.0.0053
Dominant.Recessive,C,0.0076.0.0365
Unknown.Unknown,C,0.0008.0.0102
Unknown.Unknown,D,0.0.0016
Unknown.Unknown,C,0.0033.0.0198
Dominant.Recessive,C,0.001.0.0037
Recessive.Unknown,D,0.0029.0.0058
Unknown.Dominant,D,0.0018.0.0196
None.Dominant,D,0.0021.0.1136
None.Unknown,C,0.0012.0.0025
Recessive.Dominant,D,0.0.0018
Unknown.Unknown,C,0.0012.0.0078
Recessive.Unknown,D,0.0037.0.0081
Recessive.Recessive,D,0.0017.0.0052
Unknown.Unknown,C,0.0.0017
None.Unknown,D,0.0013.0.0016
Dominant.Both,D,0.0025.0.0032
None.Unknown,D,0.0019.0.0026
Recessive.Recessive,D,0.0018.0.0026
Unknown.Unknown,D,0.0.0015
None.None,C,0.0045.0.0053
Unknown.Unknown,D,0.0.0062
Unknown.Unknown,D,0.0.0017
Recessive.Recessive,C,0.0007.0.0015
Unknown.Unknown,C,0.0004.0.0016
Both.Unknown,C,0.0014.0.0036
Dominant.Unknown,C,0.0.003
Dominant.None,D,0.0029.0.0049
Unknown.Recessive,C,0.0032.0.0089
Both.Recessive,D,0.0061.0.0086
Dominant.Unknown,D,0.0.0373
Both.Recessive,D,0.0022.0.0033
Recessive.Unknown,C,0.0038.0.0099
None.Unknown,D,0.0032.0.004
Unknown.Unknown,D,0.0.0013
Recessive.None,C,0.0019.0.0059
Unknown.Unknown,C,0.001.0.0286
Unknown.Unknown,C,0.0029.0.1039
None.Dominant,D,0.0.002
Unknown.Unknown,C,0.0002.0.0132
Unknown.Unknown,C,0.0004.0.0337
Unknown.Dominant,C,0.0.0021
Unknown.None,C,0.0008.0.0068
Unknown.Unknown,C,0.0.006
Unknown.Unknown,C,0.0008.0.0063
Dominant.Recessive,C,0.0027.0.0034
Unknown.Recessive,C,0.0.1713
None.Unknown,C,0.0006.0.0011
Recessive.Unknown,C,0.0009.0.002
Unknown.Dominant,D,0.0.0012
Unknown.Unknown,C,0.0005.0.0009
Dominant.Both,C,0.0.0005
Unknown.Dominant,C,0.0045.0.1179
Unknown.Unknown,D,0.0028.0.0038
Dominant.Unknown,C,0.0009.0.0021
Unknown.Dominant,D,0.0.0014
Unknown.None,C,0.0006.0.0081
Unknown.Unknown,C,0.0.0017
Unknown.Unknown,C,0.0143.0.0159
Unknown.Unknown,C,0.0021.0.0082
Unknown.Unknown,C,0.0087.0.0126
Unknown.Recessive,C,0.0004.0.0062
None.None,NA,0.0.0021
Recessive.Unknown,C,0.0.0114
Unknown.Unknown,D,0.0.0016
Unknown.None,D,0.0.0037
Unknown.Unknown,D,0.0.0043
Unknown.Unknown,D,0.0022.0.0063
Unknown.Dominant,D,0.0046.0.067
Dominant.Recessive,C,0.0016.0.0052
Dominant.Unknown,C,0.0.0025
Dominant.Unknown,C,0.0.1829
Unknown.Unknown,C,0.0.1094
Unknown.Unknown,D,0.0005.0.0006
Unknown.Dominant,C,0.0022.0.0053
None.None,C,0.0.0018
Dominant.Unknown,C,0.0.0004
Unknown.Recessive,C,0.0.0417
Unknown.Unknown,D,0.0.0109
Dominant.Dominant,C,0.0009.0.0032
Unknown.Unknown,C,0.0034.0.0303
Unknown.Unknown,C,0.0032.0.0044
Unknown.Recessive,D,0.0.0009
Unknown.Unknown,D,0.0.0009
Recessive.Recessive,D,0.0.0007
Unknown.Unknown,C,0.0009.0.0232
Recessive.Recessive,C,0.0018.0.0027
Unknown.Unknown,C,0.0.0007
Both.Dominant,D,0.0025.0.0161
Both.Unknown,C,0.001.0.0029
Recessive.Unknown,C,0.002.0.0029
Unknown.Dominant,C,0.0.0026
Unknown.Unknown,C,0.001.0.002
Dominant.Unknown,D,0.0189.0.0208
Unknown.Unknown,C,0.0017.0.0039
Unknown.None,D,0.0014.0.0065
Unknown.Unknown,C,0.0.001
Both.Dominant,D,0.0003.0.0004
None.Both,D,0.0.0015
Unknown.Unknown,C,0.0009.0.0099
Unknown.Dominant,C,0.0014.0.0179
Unknown.Unknown,C,0.0067.0.0085
Dominant.Unknown,D,0.0008.0.002
Both.Dominant,C,0.0016.0.0034
Unknown.Unknown,C,0.0.0024
Unknown.Unknown,C,0.0027.0.0039
Unknown.Unknown,C,0.0013.0.1235
Recessive.Unknown,C,0.0003.0.0004
Dominant.Unknown,C,0.0006.0.0012
Unknown.Unknown,D,0.0024.0.0045
Unknown.Recessive,D,0.0191.0.0374
Unknown.Unknown,C,0.0006.0.0038
Recessive.Unknown,C,0.0008.0.0015
Unknown.None,C,0.0008.0.0062
Unknown.None,D,0.0.0023
Dominant.Dominant,D,0.0015.0.0025
Both.Both,C,0.0006.0.0012
Both.None,C,0.0012.0.0032
Dominant.Unknown,C,0.0012.0.0013
Unknown.Unknown,C,0.0005.0.0008
Unknown.Unknown,C,0.0013.0.0177
Unknown.Unknown,C,0.0027.0.0042
Unknown.Unknown,D,0.0015.0.0332
Unknown.Unknown,D,0.0044.0.0095
Unknown.None,C,0.0.0037
None.None,D,0.0.0468
Dominant.Unknown,C,0.0039.0.0395
None.None,C,0.0037.0.0468
Unknown.Unknown,C,0.0007.0.0011
Unknown.Recessive,D,0.0.0022
Unknown.Unknown,C,0.0.0015
Unknown.Unknown,D,0.0044.0.0061
Unknown.Unknown,C,0.0011.0.011
Unknown.Unknown,C,0.0.0126
None.Unknown,C,0.0053.0.0331
None.Unknown,C,0.0053.0.0307
None.None,C,0.0053.0.0331
None.None,C,0.0053.0.0307
Unknown.Recessive,D,0.0015.0.0054
Unknown.None,C,0.003.0.0039
Dominant.Unknown,C,0.0031.0.0073
Unknown.Unknown,C,0.0039.0.0736
Dominant.Unknown,C,0.0031.0.0059
Unknown.Recessive,C,0.0016.0.0055
Unknown.Unknown,D,0.0009.0.0014
Unknown.Unknown,C,0.0.0024
Unknown.Unknown,C,0.0.0493
Unknown.Unknown,D,0.0012.0.0741
Both.Recessive,C,0.0037.0.0073
Recessive.Unknown,D,0.0021.0.0049
Dominant.Unknown,D,0.0057.0.0511
Unknown.Unknown,D,0.0063.0.0082
Unknown.Both,C,0.0016.0.007
Unknown.None,C,0.0006.0.0204
Dominant.Unknown,C,0.0023.0.0229
Recessive.Dominant,D,0.0.0012
Unknown.Unknown,D,0.0016.0.0018
Recessive.Unknown,C,0.0.0057
Unknown.Unknown,C,0.0.0078
Unknown.Dominant,D,0.0023.0.0059
Both.Unknown,C,0.0009.0.0014
Both.Unknown,C,0.002.0.0025
Unknown.Unknown,C,0.0035.0.0095
Unknown.Unknown,C,0.0023.0.0025
None.Unknown,C,0.0.0012
Unknown.None,C,0.0049.0.0057
Unknown.Unknown,C,0.0063.0.0105
Unknown.Unknown,C,0.0012.0.0048
Unknown.None,D,0.005.0.007
Unknown.Dominant,C,0.0014.0.0047
Unknown.Dominant,D,0.0005.0.0016
Unknown.Unknown,D,0.0.0105
Unknown.Recessive,C,0.0013.0.0046
Dominant.None,D,0.0.0031
Unknown.Recessive,C,0.0043.0.0111
Unknown.Dominant,C,0.0.0246
Dominant.Recessive,C,0.0.0033
Unknown.Unknown,C,0.0.0027
Unknown.Unknown,C,0.0005.0.0034
Recessive.Recessive,D,0.0065.0.0115
Unknown.Unknown,C,0.0088.0.0161
Unknown.Recessive,C,0.0.0069
Unknown.Unknown,D,0.002.0.0164
None.None,C,0.0.002
Unknown.Unknown,D,0.0055.0.0091
Unknown.Unknown,C,0.0029.0.0039
Unknown.Unknown,D,0.0015.0.0038
Unknown.Unknown,C,0.003.0.0043
None.Unknown,D,0.0.0347
Unknown.Unknown,C,0.003.0.0944
Unknown.Unknown,C,0.0094.0.013
Unknown.Unknown,C,0.0016.0.0095
Unknown.None,D,0.0008.0.0017
Unknown.Unknown,D,0.0027.0.0029
Dominant.Unknown,D,0.0246.0.0272
Unknown.Unknown,C,0.0.0035
Dominant.Unknown,C,0.0106.0.0239
Recessive.Unknown,D,0.0024.0.0037
Unknown.Unknown,D,0.0019.0.0036
Recessive.None,C,0.0022.0.0033
Unknown.Unknown,D,0.0047.0.0097
Unknown.Recessive,C,0.002.0.006
None.Unknown,D,0.0.0047
Unknown.Unknown,C,0.0.003
Unknown.None,C,0.0004.0.0249
Both.Unknown,D,0.0.0912
Both.Unknown,NA,0.0.0043
Recessive.None,C,0.0036.0.0079
Unknown.Recessive,D,0.0028.0.0248
None.None,C,0.0035.0.0056
Unknown.Unknown,C,0.0.1283
Recessive.Dominant,C,0.0013.0.006
Unknown.Unknown,C,0.0058.0.0142
Unknown.Both,D,0.0.0278
Unknown.Unknown,C,0.0011.0.007
Unknown.Recessive,D,0.0.0226
Unknown.Unknown,D,0.0018.0.0021
Recessive.Unknown,C,0.001.0.0044
Unknown.Recessive,C,0.0016.0.0498
None.Unknown,D,0.0057.0.0099
Unknown.Unknown,C,0.004.0.0096
Unknown.Unknown,C,0.0007.0.0025
Recessive.Unknown,D,0.0443.0.0726
Unknown.Unknown,D,0.0035.0.0075
Recessive.Recessive,C,0.0011.0.0086
Unknown.Unknown,C,0.0046.0.0102
Unknown.Recessive,C,0.0.0026
Both.Dominant,C,0.0027.0.0076
Unknown.Unknown,C,0.0026.0.0027
Unknown.None,NA,0.0014.0.006
Unknown.Unknown,D,0.0.0082
Recessive.Recessive,C,0.0.0105
Unknown.None,D,0.0039.0.0042
Recessive.Unknown,D,0.0043.0.0094
Unknown.Unknown,S,0.0058.0.0075
Unknown.Unknown,C,0.0.0036
None.Recessive,C,0.0.0039
Unknown.Recessive,NA,0.0018.0.0033
None.Unknown,D,0.0075.0.0201
Unknown.Dominant,D,0.0036.0.0122
Both.Dominant,C,0.0007.0.0034
Unknown.Unknown,C,0.0016.0.0038
Unknown.None,NA,0.0.0542
Unknown.Unknown,D,0.0048.0.0051
Unknown.Unknown,C,0.0.004
None.Recessive,C,0.0013.0.0035
Unknown.Dominant,D,0.0036.0.0096
Unknown.Unknown,C,0.0027.0.0048
None.Unknown,D,0.0012.0.0018
Both.Unknown,C,0.0016.0.0143
Unknown.Unknown,C,0.0021.0.0337
Unknown.Unknown,C,0.0.038
Unknown.Unknown,C,0.0.003
Recessive.Dominant,C,0.0033.0.0191
Unknown.Unknown,C,0.0004.0.0021
Unknown.Unknown,D,0.0014.0.0015
Unknown.Unknown,D,0.0195.0.0465
Unknown.Unknown,D,0.0.0023
Unknown.Dominant,C,0.0006.0.0259
Dominant.Both,C,0.004.0.1721
Unknown.Unknown,D,0.0005.0.0028
Dominant.Unknown,C,0.0.0016
Unknown.Unknown,D,0.0018.0.0039
Unknown.Dominant,C,0.0021.0.0179
Unknown.Unknown,C,0.0.0007
Unknown.Unknown,C,0.0.007
Unknown.Unknown,C,0.0028.0.0212
Unknown.Unknown,D,0.0.007
Dominant.Dominant,C,0.0.0246
Unknown.Unknown,C,0.0.0058
Unknown.Unknown,D,0.0048.0.0109
Unknown.Unknown,C,0.0.0077
Unknown.Unknown,D,0.0028.0.0046
Both.Unknown,NA,0.0.0054
Unknown.Both,C,0.0017.0.1721
Recessive.Dominant,C,0.0011.0.0076
Dominant.Unknown,C,0.0.0015
Unknown.Unknown,C,0.0.0091
Unknown.Unknown,D,0.006.0.0253
Unknown.Unknown,D,0.0039.0.0451
Recessive.Dominant,C,0.0.0044
Unknown.None,C,0.0.0074
Unknown.Dominant,C,0.0016.0.003
Unknown.None,NA,0.0013.0.0055
Unknown.Unknown,C,0.0.0314
Unknown.None,C,0.0014.0.046
Unknown.Unknown,C,0.0.0043
Unknown.Unknown,D,0.0.0025
Unknown.None,NA,0.0058.0.0086
Unknown.Recessive,C,0.0086.0.1087
Unknown.Unknown,D,0.0011.0.0015
Unknown.Unknown,C,0.0.0044
Unknown.Unknown,D,0.0034.0.0053
Unknown.Unknown,D,0.0011.0.0069
Unknown.Unknown,D,0.0035.0.0109
Both.Both,NA,0.0.0916
Unknown.Unknown,D,0.001.0.0091
None.Unknown,C,0.0008.0.003
Unknown.Unknown,C,0.0.0093
Both.Recessive,C,0.0027.0.0086
Recessive.Unknown,C,0.0006.0.0294
Unknown.Unknown,C,0.0.0025
None.Recessive,C,0.0054.0.0305
Unknown.Unknown,C,0.0.0036
Unknown.Recessive,C,0.0027.0.0042
Unknown.Unknown,C,0.0.0017
None.None,D,0.0012.0.0021
Unknown.Unknown,C,0.0092.0.0095
None.None,C,0.0041.0.0064
Unknown.Unknown,C,0.0091.0.0622
Unknown.Unknown,C,0.0012.0.0524
Both.None,NA,0.0025.0.018
Unknown.Dominant,D,0.0.0025
None.Dominant,D,0.0008.0.0175
Unknown.Unknown,D,0.0.0015
None.None,D,0.0.002
Unknown.Recessive,C,0.0018.0.0046
Unknown.Unknown,C,0.0.0038
Dominant.Dominant,C,0.0.0336
Unknown.Unknown,C,0.0.0008
Unknown.None,C,0.0016.0.0037
Both.Recessive,NA,0.0.0008
Dominant.Unknown,C,0.0013.0.0015
None.Recessive,D,0.0056.0.0249
Unknown.Unknown,D,0.004.0.0136
Recessive.Unknown,C,0.0023.0.0055
Unknown.Unknown,C,0.0.002
Unknown.Unknown,C,0.0036.0.0153
Recessive.Unknown,C,0.0.0023
None.None,D,0.0.0019
Unknown.None,D,0.0.0032
Unknown.Unknown,D,0.0052.0.0063
Recessive.None,C,0.002.0.0481
Dominant.Dominant,C,0.0003.0.0191
None.Unknown,D,0.0154.0.1672
None.None,D,0.0041.0.0078
Unknown.Unknown,D,0.0045.0.0049
Recessive.Both,D,0.0013.0.002
Unknown.Unknown,D,0.0016.0.0017
Unknown.Unknown,C,0.0038.0.0068
Unknown.Unknown,C,0.0018.0.0082
Recessive.None,D,0.0115.0.0481
Unknown.None,C,0.0013.0.0074
None.Dominant,D,0.0094.0.0789
Unknown.Unknown,C,0.0.0731
Dominant.Dominant,C,0.0.0011
Unknown.None,C,0.003.0.0096
None.None,C,0.0019.0.0043
None.None,D,0.0.0013
Unknown.Unknown,C,0.0022.0.0035
Unknown.Unknown,C,0.0018.0.007
Unknown.Unknown,C,0.0.0018
Unknown.Unknown,C,0.0019.0.0027
Unknown.Unknown,C,0.0024.0.0045
None.Unknown,C,0.0025.0.0033
Dominant.None,C,0.0046.0.0823
Recessive.Dominant,D,0.0.0009
Both.Both,D,0.0007.0.0054
Recessive.None,C,0.0.0505
Unknown.Recessive,C,0.0.1113
None.None,C,0.0018.0.0144
Both.Unknown,D,0.0017.0.0086
Unknown.Unknown,D,0.0.0013
Unknown.Unknown,D,0.0027.0.0032
Unknown.Unknown,C,0.0012.0.0032
Unknown.Unknown,D,0.0.0026
None.Unknown,NA,0.0.0095
Unknown.Unknown,C,0.0051.0.0052
Unknown.Unknown,C,0.0009.0.0017
None.Unknown,D,0.0012.0.0034
Unknown.Recessive,NA,0.0027.0.0033
Unknown.None,C,0.0011.0.0032
None.Unknown,D,0.005.0.0055
None.Unknown,C,0.0045.0.0278
Recessive.Unknown,C,0.002.0.0021
Unknown.Unknown,D,0.0036.0.0109
Unknown.Unknown,D,0.0.0046
Unknown.Unknown,C,0.0057.0.0078
Unknown.None,C,0.0.0033
Unknown.Both,D,0.0.0042
Unknown.Both,C,0.0083.0.1721
None.Unknown,D,0.0029.0.0278
Unknown.Recessive,C,0.0.001
None.Unknown,D,0.0068.0.0514
Unknown.Dominant,D,0.0019.0.0122
Unknown.Unknown,C,0.0009.0.0053
Unknown.Unknown,C,0.0.0105
Unknown.Unknown,C,0.0064.0.0218
Unknown.Unknown,C,0.0011.0.0193
Unknown.Dominant,NA,0.0.0101
Unknown.None,NA,0.0.6393
Unknown.Unknown,C,0.0.0023
Unknown.Unknown,C,0.0012.0.0024
Recessive.Unknown,C,0.0119.0.0198
None.None,D,0.0008.0.0433
Unknown.None,C,0.0.0052
Both.None,C,0.0016.0.004
Unknown.None,C,0.0.0007
Unknown.Unknown,D,0.0011.0.0012
None.Unknown,C,0.0216.0.0358
Unknown.Unknown,C,0.002.0.0044
None.Unknown,C,0.0029.0.0036
Dominant.Unknown,C,0.0021.0.0024
None.Unknown,D,0.0038.0.0105
Unknown.Unknown,C,0.0.0017
Dominant.None,C,0.0067.0.046
Unknown.None,C,0.0016.0.006
Unknown.None,C,0.0.0042
Unknown.Unknown,C,0.0.0019
Dominant.Unknown,D,0.0.0014
Unknown.Unknown,C,0.0011.0.0096
Unknown.Unknown,D,0.0034.0.0064
Unknown.Unknown,C,0.0.0018
Unknown.None,C,0.0017.0.0036
Dominant.None,C,0.0037.0.0057
Both.None,C,0.0034.0.0089
Unknown.Unknown,D,0.0022.0.0031
Unknown.Unknown,C,0.0044.0.0045
Both.Unknown,C,0.0042.0.0077
Unknown.Both,C,0.003.0.0916
Unknown.Recessive,D,0.0.0346
Dominant.Unknown,D,0.0.0027
Unknown.Dominant,D,0.003.0.0369
Unknown.Unknown,C,0.0.0097
None.Unknown,D,0.0019.0.0736
Recessive.None,C,0.0021.0.0101
Unknown.Unknown,C,0.0014.0.0037
Unknown.Unknown,D,0.0013.0.0054
Unknown.Unknown,C,0.0.0692
None.Unknown,D,0.0012.0.0045
Unknown.Unknown,C,0.0057.0.011
Unknown.Unknown,C,0.0.0012
Dominant.Unknown,D,0.0.0022
Unknown.Unknown,D,0.0029.0.0031
Unknown.Unknown,C,0.001.0.0077
Unknown.None,NA,0.0012.0.0109
Dominant.Unknown,C,0.0013.0.0052
Unknown.Unknown,C,0.0014.0.0063
Unknown.Recessive,D,0.0054.0.0064
Recessive.Both,C,0.0.0029
Dominant.Dominant,C,0.0.0044
Unknown.Unknown,C,0.0011.0.0091
Recessive.Unknown,D,0.0.0328
Unknown.Unknown,C,0.0011.0.0012
Unknown.Recessive,D,0.0013.0.0323
Unknown.Unknown,C,0.0.0023
Dominant.Unknown,C,0.0021.0.0274
Unknown.Unknown,C,0.0019.0.0094
Recessive.Unknown,C,0.0013.0.0161
Unknown.Unknown,D,0.0007.0.0022
Unknown.Dominant,D,0.0028.0.0057
Unknown.Unknown,C,0.0012.0.0094
Unknown.Dominant,C,0.0.0031
Recessive.Unknown,C,0.0.0016
Unknown.Unknown,C,0.0049.0.0056
Recessive.Unknown,C,0.0.002
Recessive.Unknown,D,0.0065.0.0204
Dominant.Unknown,C,0.0003.0.0302
Unknown.Unknown,C,0.0009.0.0015
Both.Unknown,NA,0.0.0028
Unknown.Unknown,C,0.0016.0.0018
Unknown.Unknown,C,0.0053.0.0064
Recessive.Unknown,C,0.0.0015
None.Unknown,C,0.0008.0.0404
Both.Both,C,0.0003.0.0142
None.Unknown,C,0.0029.0.0084
Unknown.Both,C,0.0014.0.0109
Unknown.Unknown,C,0.0151.0.0316
Unknown.Unknown,D,0.0061.0.0093
Unknown.Unknown,C,0.002.0.0081
Unknown.Unknown,D,0.003.0.0095
None.Unknown,D,0.01.0.0346
Unknown.Dominant,C,0.0.0372
Unknown.Unknown,C,0.0.0011
Unknown.Recessive,D,0.0021.0.0036
Unknown.Unknown,C,0.0006.0.0275
Recessive.Recessive,D,0.0017.0.0086
Dominant.Recessive,C,0.007.0.0095
Unknown.None,NA,0.0014.0.0171
Recessive.Unknown,C,0.0009.0.0065
Unknown.Unknown,C,0.0069.0.0079
Unknown.Dominant,C,0.0084.0.0199
Unknown.Unknown,C,0.0011.0.0015
Dominant.Unknown,D,0.0013.0.367
Unknown.Unknown,C,0.0011.0.0031
Unknown.Both,C,0.0016.0.0084
Unknown.Dominant,C,0.0.001
None.Unknown,NA,0.0101.0.0622
None.Unknown,D,0.002.0.0052
Dominant.Unknown,C,0.0046.0.027
None.Recessive,D,0.0032.0.0036
Unknown.Dominant,C,0.0008.0.0044
Unknown.Recessive,C,0.0.007
Unknown.Unknown,C,0.0027.0.0562
Unknown.Dominant,D,0.0077.0.0372
None.None,NA,0.0012.0.011
Unknown.Unknown,D,0.0015.0.0018
Unknown.Unknown,C,0.0018.0.0084
Unknown.Unknown,D,0.0016.0.0027
Dominant.Unknown,C,0.0.0006
Unknown.Unknown,C,0.0.003
Unknown.Unknown,C,0.0.0012
None.None,D,0.0035.0.0059
Unknown.Unknown,C,0.0.001
Unknown.Unknown,C,0.0.0103
Dominant.Both,C,0.0005.0.0054
Dominant.Dominant,C,0.0.0372
Unknown.Unknown,D,0.001.0.0014
None.Unknown,C,0.0.0068
Unknown.Unknown,C,0.0.0046
Unknown.Unknown,D,0.0.0351
Unknown.Unknown,D,0.0024.0.0065
Unknown.Unknown,D,0.0022.0.0114
Dominant.Both,C,0.0007.0.0054
Dominant.None,C,0.0009.0.0052
Unknown.Unknown,D,0.0004.0.0029
None.None,D,0.0021.0.0022
None.Unknown,C,0.0.0012
Unknown.Unknown,D,0.0.0026
Unknown.Recessive,C,0.0027.0.0038
Unknown.Recessive,D,0.0013.0.0024
Both.Dominant,NA,0.0.0369
Dominant.Unknown,D,0.006.0.0393
None.None,C,0.008.0.0116
None.Unknown,C,0.0.003
None.Unknown,D,0.001.0.0021
Unknown.Unknown,D,0.0.0105
None.Recessive,D,0.0012.0.0019
None.Unknown,C,0.0013.0.0015
Both.Unknown,C,0.0034.0.0511
Both.Both,NA,0.0.0016
Dominant.Unknown,NA,0.0073.0.0092
None.Unknown,D,0.0.0026
Unknown.Unknown,D,0.0119.0.0121
Unknown.Unknown,C,0.002.0.005
Unknown.Dominant,D,0.0.0017
Unknown.Dominant,NA,0.001.0.0101
Unknown.Unknown,C,0.0.0039
Dominant.Unknown,D,0.0.0291
Dominant.Unknown,C,0.0021.0.009
Recessive.Recessive,D,0.0.0038
Dominant.Unknown,C,0.0012.0.0013
Unknown.Recessive,D,0.0011.0.0036
Unknown.None,C,0.0042.0.0051
Unknown.Unknown,C,0.0039.0.0071
None.Unknown,D,0.0096.0.0099
Unknown.Recessive,D,0.0065.0.0245
None.None,D,0.0009.0.0192
Dominant.Recessive,C,0.0.0033
None.None,NA,0.0007.0.0142
Unknown.Dominant,D,0.0.0372
Recessive.Both,D,0.0029.0.0031
Unknown.Unknown,C,0.0006.0.0638
Recessive.Both,C,0.0003.0.0028
Unknown.Both,D,0.003.0.0145
Both.Recessive,C,0.0029.0.0061
Unknown.Unknown,C,0.0013.0.0023
Unknown.Unknown,C,0.0032.0.0229
Unknown.Unknown,C,0.0.0184
Unknown.Recessive,D,0.0.0036
Unknown.Unknown,D,0.0008.0.0012
Unknown.Unknown,C,0.0013.0.0253
None.None,D,0.0112.0.0505
Unknown.Unknown,C,0.003.0.0054
Unknown.Unknown,C,0.0017.0.003
Unknown.Unknown,C,0.0.0023
Recessive.Unknown,C,0.0028.0.0278
None.Unknown,D,0.0028.0.0047
Unknown.Unknown,NA,0.0014.0.0028
Dominant.Dominant,C,0.0003.0.1307
Unknown.Unknown,C,0.0116.0.0215
Both.Unknown,C,0.0028.0.0033
Dominant.Both,D,0.001.0.0042
Dominant.Unknown,C,0.0.003
Unknown.Unknown,D,0.0017.0.0084
None.None,C,0.0019.0.0031
Unknown.Unknown,C,0.0018.0.0026
Unknown.Unknown,D,0.0019.0.0041
Unknown.Recessive,D,0.016.0.0248
Dominant.Dominant,C,0.0006.0.0007
Both.Unknown,C,0.002.0.0024
None.None,C,0.0091.0.0124
Unknown.None,C,0.0003.0.0025
Unknown.Recessive,C,0.0022.0.0066
Dominant.Both,C,0.0005.0.0054
Unknown.Unknown,C,0.0053.0.0218
Unknown.Dominant,D,0.0048.0.0096
Unknown.Unknown,C,0.0029.0.0036
Unknown.Unknown,C,0.0004.0.0021
Recessive.Unknown,D,0.0013.0.0081
Unknown.Unknown,C,0.0023.0.0075
Unknown.Both,D,0.0054.0.0271
Recessive.Dominant,C,0.0007.0.0031
Dominant.None,C,0.0185.0.027
None.Recessive,D,0.0066.0.0249
Dominant.Dominant,C,0.0042.0.0074
Dominant.Both,D,0.0.0011
Unknown.Dominant,C,0.0006.0.0017
Unknown.Recessive,C,0.0008.0.0037
Recessive.Unknown,D,0.0012.0.0574
Unknown.Unknown,C,0.0008.0.0023
Dominant.Dominant,C,0.0.0022
Unknown.Unknown,D,0.0.0106
Unknown.Unknown,D,0.0097.0.02
Unknown.Unknown,D,0.0007.0.0043
Unknown.Unknown,NA,0.0014.0.0025
Both.Unknown,C,0.0025.0.0351
Unknown.Unknown,C,0.0011.0.0155
Unknown.Unknown,C,0.0.0007
None.Both,D,0.0008.0.0016
Recessive.Unknown,C,0.0.0018
Unknown.Unknown,NA,0.0.0044
Both.Unknown,C,0.0029.0.0064
Unknown.None,D,0.0009.0.0023
Unknown.Unknown,D,0.0019.0.0023
Unknown.None,C,0.0.0038
Unknown.Unknown,C,0.0024.0.0503
Unknown.Unknown,C,0.0.0016
Unknown.Unknown,C,0.0008.0.0017
Unknown.Unknown,C,0.0006.0.0135
Unknown.Dominant,D,0.001.0.0023
Unknown.Recessive,C,0.0.0035
Unknown.Dominant,D,0.0025.0.0031
None.Both,D,0.0.0007
Unknown.None,C,0.0012.0.0181
Unknown.Both,D,0.0035.0.0456
Unknown.Unknown,C,0.0.0685
Dominant.Unknown,D,0.0.0073
Unknown.Unknown,C,0.0.002
Unknown.Unknown,D,0.0017.0.0086
Unknown.Unknown,D,0.0035.0.0058
Unknown.Unknown,D,0.0051.0.0093
Unknown.Unknown,D,0.0.0023
Unknown.Unknown,D,0.0008.0.0011
Unknown.Unknown,C,0.0.0736
Unknown.None,D,0.0048.0.007
Unknown.Dominant,D,0.0027.0.0096
None.Recessive,D,0.0019.0.0028
Unknown.None,C,0.0027.0.0056
Both.Unknown,C,0.002.0.009
Recessive.Unknown,C,0.0013.0.0021
Dominant.Unknown,C,0.0.0105
Unknown.Unknown,C,0.0015.0.002
Both.Dominant,NA,0.0.0243
Recessive.Recessive,D,0.0.0033
None.None,D,0.019.0.0505
Unknown.Unknown,C,0.0.0193
Both.Unknown,C,0.0051.0.0068
Unknown.Unknown,C,0.0019.0.0038
Unknown.Recessive,D,0.0026.0.0028
Unknown.None,D,0.0008.0.0027
Unknown.Unknown,D,0.001.0.0082
Unknown.None,NA,0.0017.0.018
Unknown.Unknown,C,0.0.0095
Unknown.Unknown,C,0.0.0019
Unknown.Unknown,NA,0.0035.0.0196
Unknown.Unknown,C,0.0019.0.0081
Both.Unknown,C,0.002.0.0067
Unknown.Dominant,D,0.003.0.0243
Unknown.Unknown,C,0.0021.0.0026
Unknown.Unknown,NA,0.0033.0.0093
Recessive.Unknown,C,0.0035.0.004
Unknown.Dominant,D,0.0035.0.0096
Unknown.Unknown,D,0.0024.0.0034
None.Unknown,C,0.0.0019
Unknown.Unknown,D,0.0022.0.0181
Unknown.Unknown,NA,0.0014.0.0035
Unknown.Unknown,C,0.0044.0.0134
Unknown.Unknown,C,0.0.0339
Unknown.Unknown,D,0.0.0027
Dominant.Recessive,C,0.0003.0.0027
Unknown.Unknown,C,0.0.003
None.Unknown,D,0.0.0038
Dominant.Unknown,C,0.0.0036
Unknown.Unknown,C,0.0011.0.0014
Unknown.Unknown,NA,0.0012.0.005
Unknown.Unknown,D,0.0022.0.0038
Unknown.Unknown,D,0.0093.0.0451
Unknown.Unknown,C,0.001.0.0198
Dominant.Unknown,C,0.0021.0.028
Unknown.Unknown,C,0.0018.0.0027
Unknown.Unknown,D,0.0063.0.0477
Unknown.Unknown,C,0.0008.0.0014
None.None,C,0.001.0.0019
Unknown.Unknown,D,0.0.0011
Unknown.Unknown,C,0.0.0014
Unknown.Recessive,D,0.0.0022
Dominant.Unknown,C,0.0016.0.0049
Unknown.Unknown,C,0.0.0011
Unknown.Unknown,C,0.0.001
Dominant.Unknown,D,0.0033.0.0034
Unknown.Unknown,C,0.0011.0.0078
