Virus_Association,Most_Haploinsufficient_gene,Introgression,node_type,dNdS
4.2,C,HSS.HSS,redundant.redundant,0.004.0.0077
4.1,C,HSS.HSS,redundant.redundant,0.0013.0.0028
4.4,NA,HSS.HSS,redundant.intermittent,0.0.0014
1.3,NA,HSS.HSS,redundant.intermittent,0.0006.0.0179
4.3,C,HSS.HSS,redundant.redundant,0.0005.0.0018
4.1,C,HSS.HSS,critical.redundant,0.0.0244
2.4,C,HSS.HSS,redundant.redundant,0.0016.0.0056
4.2,C,HSS.HSS,redundant.redundant,0.0088.0.0314
4.4,C,HSS.HSS,intermittent.redundant,0.0.0008
4.4,D,HSS.HSS,redundant.redundant,0.0019.0.0041
4.4,D,Strict.HSS,redundant.redundant,0.0015.0.0128
4.4,D,HSS.Intermediate,redundant.redundant,0.0.0029
3.4,C,HSS.Intermediate,redundant.redundant,0.0.0058
4.4,D,HSS.HSS,redundant.redundant,0.0.0523
4.1,D,HSS.HSS,redundant.redundant,0.0011.0.0022
4.4,C,HSS.HSS,redundant.redundant,0.001.0.0024
2.4,C,HSS.HSS,redundant.redundant,0.0075.0.0182
4.4,C,HSS.HSS,intermittent.redundant,0.004.0.0083
4.2,C,HSS.Strict,redundant.redundant,0.0049.0.0314
3.4,C,HSS.HSS,redundant.redundant,0.0.0022
1.4,C,HSS.HSS,redundant.redundant,0.0.0033
4.2,D,HSS.HSS,redundant.redundant,0.0024.0.004
4.4,D,HSS.HSS,redundant.redundant,0.0.008
4.4,D,HSS.HSS,redundant.redundant,0.0004.0.0023
4.4,D,Strict.HSS,redundant.redundant,0.0029.0.0032
4.2,C,HSS.HSS,redundant.redundant,0.0.0007
1.4,C,HSS.HSS,redundant.intermittent,0.0023.0.0035
4.4,D,HSS.HSS,redundant.redundant,0.0.0029
3.2,C,HSS.HSS,redundant.redundant,0.0025.0.0028
4.4,C,HSS.HSS,critical.intermittent,0.0013.0.0047
1.4,D,HSS.HSS,intermittent.redundant,0.0015.0.0027
4.4,C,HSS.HSS,redundant.redundant,0.0005.0.0007
4.4,C,HSS.HSS,redundant.redundant,0.0017.0.0047
4.1,C,HSS.Strict,redundant.redundant,0.001.0.0054
1.3,D,Strict.HSS,redundant.intermittent,0.0008.0.0175
2.4,D,HSS.HSS,redundant.intermittent,0.0009.0.002
4.4,C,HSS.HSS,critical.redundant,0.0029.0.0066
4.4,D,HSS.HSS,redundant.redundant,0.0026.0.0179
4.1,C,HSS.HSS,redundant.redundant,0.0355.0.067
2.4,D,HSS.HSS,redundant.redundant,0.0011.0.003
4.4,D,HSS.HSS,redundant.critical,0.0039.0.0339
4.4,C,HSS.HSS,redundant.redundant,0.0012.0.0616
4.2,C,HSS.HSS,intermittent.redundant,0.0.1103
4.4,D,HSS.HSS,intermittent.redundant,0.0.0025
4.1,NA,HSS.HSS,redundant.redundant,0.0003.0.0009
2.4,D,HSS.HSS,intermittent.redundant,0.0007.0.004
4.3,C,HSS.HSS,redundant.redundant,0.0007.0.003
4.4,C,HSS.HSS,intermittent.redundant,0.0.0066
2.4,C,HSS.HSS,intermittent.intermittent,0.0.0289
4.3,D,HSS.HSS,redundant.redundant,0.0008.0.0031
4.4,C,HSS.HSS,redundant.redundant,0.0011.0.1819
4.1,C,HSS.HSS,redundant.redundant,0.0.0037
4.2,C,HSS.HSS,redundant.intermittent,0.0013.0.0041
3.4,D,HSS.Strict,intermittent.intermittent,0.0.0013
1.4,D,HSS.HSS,redundant.redundant,0.0025.0.004
4.2,D,HSS.Intermediate,redundant.redundant,0.0019.0.0021
4.4,D,HSS.HSS,redundant.redundant,0.0.0011
4.2,C,HSS.HSS,redundant.redundant,0.0045.0.0046
2.4,C,HSS.HSS,redundant.redundant,0.0017.0.0135
4.4,C,HSS.HSS,redundant.critical,0.0009.0.002
4.4,C,HSS.HSS,intermittent.redundant,0.0.0022
4.1,C,HSS.HSS,redundant.redundant,0.0007.0.0036
3.3,D,HSS.HSS,intermittent.critical,0.0197.0.0344
4.3,D,HSS.Intermediate,redundant.redundant,0.0006.0.0023
1.2,C,HSS.HSS,redundant.redundant,0.0022.0.0041
3.3,D,HSS.HSS,redundant.intermittent,0.0.036
4.4,D,HSS.HSS,redundant.redundant,0.0.0028
3.4,C,HSS.HSS,critical.redundant,0.0.0007
4.4,C,HSS.HSS,redundant.redundant,0.0006.0.0018
2.4,D,HSS.HSS,redundant.redundant,0.0063.0.0081
1.4,D,HSS.HSS,redundant.redundant,0.0023.0.003
4.2,C,HSS.HSS,redundant.redundant,0.0005.0.0253
1.3,C,HSS.HSS,redundant.redundant,0.0027.0.0056
4.4,C,HSS.HSS,redundant.redundant,0.0009.0.0029
4.2,D,HSS.HSS,redundant.redundant,0.0065.0.0196
4.2,D,HSS.HSS,critical.redundant,0.0.0011
2.4,C,HSS.HSS,intermittent.redundant,0.0012.0.0025
1.1,C,HSS.HSS,intermittent.redundant,0.0.0053
4.4,C,HSS.HSS,redundant.intermittent,0.0016.0.0017
4.2,C,HSS.Strict,redundant.redundant,0.0042.0.0314
3.2,C,HSS.HSS,redundant.redundant,0.0.108
4.4,D,HSS.HSS,redundant.intermittent,0.0044.0.0052
4.4,D,HSS.Strict,redundant.intermittent,0.0.0013
4.1,C,HSS.HSS,redundant.redundant,0.0009.0.0012
4.4,C,HSS.HSS,redundant.redundant,0.001.0.0047
3.3,C,HSS.HSS,redundant.redundant,0.0.0018
4.4,D,HSS.HSS,redundant.redundant,0.0029.0.0329
4.4,C,HSS.HSS,redundant.redundant,0.0038.0.0049
4.3,C,HSS.HSS,redundant.intermittent,0.001.0.0015
4.4,C,HSS.HSS,intermittent.intermittent,0.0.0272
2.1,D,HSS.HSS,redundant.redundant,0.0032.0.0246
4.4,C,HSS.HSS,redundant.redundant,0.0011.0.0019
1.4,C,HSS.HSS,redundant.redundant,0.0036.0.0042
4.3,D,HSS.HSS,redundant.redundant,0.0012.0.0021
4.2,D,HSS.HSS,redundant.redundant,0.0.0749
4.4,D,HSS.HSS,redundant.redundant,0.0013.0.0024
4.4,D,HSS.HSS,redundant.redundant,0.0016.0.0049
4.4,C,HSS.HSS,intermittent.critical,0.0009.0.001
4.4,NA,HSS.Intermediate,redundant.redundant,0.0033.0.0057
4.3,D,HSS.HSS,redundant.intermittent,0.0049.0.0073
2.2,C,HSS.HSS,redundant.redundant,0.0034.0.108
4.2,C,HSS.HSS,intermittent.redundant,0.0.0062
4.1,C,HSS.HSS,redundant.redundant,0.0018.0.0028
3.4,D,HSS.HSS,critical.intermittent,0.0.0052
1.2,C,HSS.HSS,redundant.redundant,0.0.0418
4.4,C,HSS.HSS,intermittent.redundant,0.0032.0.0071
4.4,D,HSS.HSS,redundant.redundant,0.0014.0.0015
3.1,C,HSS.HSS,redundant.intermittent,0.0013.0.0576
4.4,D,HSS.HSS,redundant.redundant,0.0009.0.0017
4.1,D,HSS.HSS,redundant.redundant,0.0027.0.0038
4.4,D,HSS.HSS,redundant.redundant,0.0016.0.0021
4.4,C,HSS.HSS,redundant.redundant,0.0006.0.004
4.4,C,HSS.HSS,intermittent.redundant,0.0007.0.0016
4.4,C,HSS.HSS,redundant.intermittent,0.0029.0.0035
4.4,D,HSS.HSS,redundant.redundant,0.0008.0.0047
3.4,C,HSS.HSS,critical.redundant,0.001.0.0226
2.4,D,HSS.HSS,redundant.redundant,0.001.0.0032
1.4,C,HSS.HSS,redundant.redundant,0.0007.0.0012
2.4,D,HSS.HSS,intermittent.redundant,0.0.0034
4.1,D,HSS.HSS,redundant.redundant,0.0005.0.0136
3.4,D,HSS.Intermediate,redundant.redundant,0.0.0009
4.1,C,HSS.HSS,redundant.redundant,0.0059.0.0071
4.4,D,HSS.HSS,intermittent.redundant,0.0024.0.0029
4.4,C,HSS.HSS,intermittent.redundant,0.0006.0.0069
3.3,C,HSS.HSS,critical.redundant,0.0.0136
2.3,C,HSS.HSS,redundant.intermittent,0.0.0008
2.4,C,HSS.HSS,redundant.redundant,0.0014.0.0049
2.4,C,HSS.HSS,intermittent.redundant,0.0.001
4.4,C,HSS.HSS,redundant.redundant,0.0.0054
4.2,C,HSS.HSS,redundant.redundant,0.0014.0.0077
4.4,C,HSS.HSS,redundant.redundant,0.0.0015
1.4,C,HSS.HSS,redundant.redundant,0.0022.0.0026
4.1,C,HSS.HSS,redundant.redundant,0.0017.0.0227
4.4,C,HSS.HSS,redundant.redundant,0.0.1168
4.4,C,HSS.HSS,redundant.redundant,0.0.4414
3.2,C,Strict.HSS,intermittent.redundant,0.0.0127
4.4,D,HSS.HSS,redundant.intermittent,0.0005.0.0112
4.4,C,HSS.HSS,redundant.redundant,0.0017.0.006
3.4,D,HSS.HSS,redundant.intermittent,0.0.0013
1.3,C,HSS.HSS,redundant.redundant,0.0006.0.0017
4.1,C,HSS.HSS,redundant.redundant,0.0.034
4.1,C,HSS.HSS,redundant.redundant,0.0026.0.0035
4.3,C,HSS.HSS,redundant.redundant,0.0.0026
4.2,C,HSS.HSS,redundant.redundant,0.0033.0.0204
1.1,D,HSS.HSS,redundant.redundant,0.0.002
3.4,D,HSS.HSS,critical.redundant,0.0014.0.0142
4.4,C,HSS.HSS,redundant.intermittent,0.0.001
4.4,C,HSS.HSS,redundant.intermittent,0.0.0037
4.4,C,HSS.HSS,redundant.redundant,0.0.0017
3.4,D,HSS.HSS,critical.redundant,0.0008.0.0514
3.2,C,HSS.HSS,intermittent.redundant,0.0004.0.0014
4.4,D,HSS.HSS,redundant.intermittent,0.0015.0.0073
1.4,C,HSS.HSS,redundant.redundant,0.0015.0.0164
4.4,C,HSS.HSS,redundant.redundant,0.0007.0.0029
4.3,C,HSS.HSS,redundant.intermittent,0.0.0019
1.4,D,HSS.HSS,redundant.redundant,0.0007.0.0216
4.4,C,HSS.HSS,redundant.redundant,0.0.0011
4.4,C,HSS.HSS,redundant.redundant,0.0004.0.0014
4.4,C,HSS.HSS,redundant.redundant,0.0.0014
4.4,C,HSS.HSS,redundant.redundant,0.0009.0.0127
3.4,C,HSS.HSS,intermittent.redundant,0.0018.0.0038
3.4,C,HSS.HSS,redundant.redundant,0.0.0029
4.2,D,HSS.HSS,intermittent.critical,0.0006.0.0017
1.4,C,HSS.HSS,redundant.redundant,0.0.1082
4.4,D,HSS.HSS,redundant.redundant,0.0029.0.0219
4.4,C,HSS.HSS,redundant.redundant,0.001.0.0062
4.3,C,HSS.HSS,redundant.redundant,0.0.0078
4.4,C,HSS.HSS,redundant.redundant,0.0072.0.0095
2.4,D,HSS.HSS,redundant.redundant,0.0004.0.0005
3.4,C,HSS.Strict,redundant.redundant,0.0.0028
3.4,C,HSS.HSS,intermittent.redundant,0.0004.0.0033
4.1,C,HSS.HSS,redundant.redundant,0.0009.0.0221
4.4,C,Strict.HSS,critical.redundant,0.001.0.0046
4.4,NA,HSS.HSS,redundant.redundant,0.0.0021
4.4,C,HSS.HSS,redundant.redundant,0.0009.0.0067
4.1,C,HSS.HSS,redundant.redundant,0.0.004
3.2,C,HSS.HSS,redundant.redundant,0.0011.0.0084
3.4,C,HSS.HSS,redundant.redundant,0.0005.0.0466
4.4,D,HSS.HSS,redundant.redundant,0.0.0005
4.4,C,HSS.HSS,redundant.redundant,0.0.0061
4.4,C,Intermediate.HSS,redundant.redundant,0.0.0006
1.4,NA,HSS.HSS,intermittent.redundant,0.0.002
4.4,C,HSS.HSS,intermittent.intermittent,0.0.0042
4.1,C,HSS.HSS,redundant.redundant,0.0.0009
4.4,D,HSS.HSS,redundant.redundant,0.0023.0.0027
4.1,D,HSS.HSS,redundant.redundant,0.0.0075
4.4,C,HSS.HSS,critical.redundant,0.0.0421
3.4,C,HSS.HSS,redundant.redundant,0.0.01
1.1,C,HSS.HSS,redundant.intermittent,0.0025.0.0102
2.4,D,HSS.HSS,redundant.redundant,0.0018.0.0019
4.2,C,HSS.HSS,redundant.redundant,0.0015.0.0187
1.4,D,HSS.HSS,redundant.redundant,0.0.0053
4.4,D,HSS.HSS,redundant.redundant,0.0005.0.0008
4.2,NA,HSS.HSS,critical.redundant,0.0033.0.017
4.4,C,HSS.HSS,redundant.redundant,0.0009.0.0019
4.4,C,HSS.HSS,redundant.redundant,0.0022.0.0592
4.4,C,HSS.HSS,redundant.redundant,0.002.0.0538
4.4,C,HSS.HSS,intermittent.redundant,0.0009.0.0213
4.2,C,HSS.HSS,redundant.critical,0.0.0017
4.4,C,HSS.HSS,redundant.redundant,0.0.0005
2.1,D,HSS.HSS,redundant.redundant,0.0.0008
1.4,C,HSS.HSS,redundant.redundant,0.0022.0.0032
3.4,C,HSS.HSS,redundant.intermittent,0.0049.0.0079
4.4,C,HSS.HSS,redundant.redundant,0.0.0205
1.4,D,HSS.HSS,redundant.intermittent,0.0007.0.0024
4.4,D,HSS.HSS,redundant.redundant,0.0.0008
4.1,C,HSS.HSS,intermittent.redundant,0.0.0025
3.4,C,HSS.HSS,redundant.redundant,0.0005.0.0048
4.1,C,HSS.HSS,redundant.redundant,0.0.0013
4.3,C,HSS.HSS,redundant.redundant,0.0017.0.0027
4.2,C,HSS.HSS,redundant.redundant,0.0025.0.0316
4.2,C,HSS.HSS,redundant.redundant,0.0009.0.0022
4.3,D,Strict.HSS,redundant.intermittent,0.0054.0.0175
4.4,D,HSS.HSS,intermittent.redundant,0.0018.0.0518
4.3,C,HSS.HSS,intermittent.redundant,0.0.0111
4.4,C,HSS.HSS,redundant.redundant,0.0.0009
2.2,C,HSS.HSS,intermittent.redundant,0.0.0023
4.2,D,HSS.HSS,redundant.redundant,0.0046.0.1926
4.4,C,HSS.HSS,redundant.redundant,0.0.0029
2.3,NA,HSS.Strict,redundant.redundant,0.001.0.0034
4.4,D,HSS.HSS,redundant.redundant,0.0009.0.0067
3.4,C,HSS.HSS,redundant.redundant,0.0086.0.0111
2.3,C,HSS.HSS,redundant.redundant,0.0.0028
4.4,D,HSS.HSS,redundant.redundant,0.0015.0.0457
4.1,C,HSS.HSS,redundant.redundant,0.004.0.006
4.4,C,HSS.HSS,redundant.redundant,0.0.0007
2.4,C,HSS.Intermediate,redundant.redundant,0.0005.0.0015
3.4,C,Intermediate.HSS,redundant.redundant,0.0011.0.0027
4.4,C,HSS.HSS,redundant.redundant,0.0027.0.0037
4.4,C,HSS.HSS,redundant.redundant,0.0006.0.0134
4.4,C,HSS.HSS,redundant.redundant,0.0.0261
4.3,C,HSS.Intermediate,redundant.redundant,0.0008.0.0019
3.4,C,HSS.HSS,redundant.redundant,0.0032.0.0151
4.4,C,HSS.HSS,redundant.redundant,0.0024.0.0038
4.4,C,HSS.HSS,intermittent.redundant,0.0016.0.0278
4.4,C,HSS.HSS,redundant.intermittent,0.0016.0.0053
4.4,C,HSS.HSS,redundant.redundant,0.0.0023
4.4,C,HSS.HSS,redundant.redundant,0.0025.0.1349
3.4,C,HSS.HSS,redundant.redundant,0.0101.0.0161
4.4,D,HSS.HSS,redundant.intermittent,0.0003.0.0234
4.3,C,HSS.HSS,intermittent.intermittent,0.0005.0.0083
2.2,C,HSS.HSS,redundant.redundant,0.002.0.003
4.4,D,HSS.HSS,redundant.redundant,0.0008.0.0042
4.3,D,HSS.HSS,redundant.redundant,0.0012.0.0027
4.4,D,HSS.HSS,redundant.redundant,0.0.0005
4.4,C,HSS.Strict,intermittent.redundant,0.0.0013
1.4,C,HSS.HSS,redundant.intermittent,0.001.0.0022
4.3,D,HSS.HSS,redundant.intermittent,0.0022.0.0086
4.4,C,HSS.HSS,intermittent.intermittent,0.0015.0.0051
3.3,C,HSS.HSS,redundant.redundant,0.0.0009
3.3,C,HSS.Strict,redundant.redundant,0.0204.0.0404
3.4,C,HSS.HSS,redundant.redundant,0.0024.0.0059
4.2,D,HSS.HSS,redundant.intermittent,0.0056.0.1297
4.4,C,HSS.HSS,redundant.redundant,0.0012.0.0023
4.4,C,HSS.HSS,redundant.redundant,0.0006.0.0085
4.4,NA,HSS.HSS,redundant.redundant,0.0063.0.029
4.1,D,HSS.HSS,redundant.intermittent,0.0021.0.0022
4.3,NA,HSS.HSS,redundant.redundant,0.0018.0.0224
2.4,D,HSS.HSS,redundant.intermittent,0.0009.0.0021
4.2,C,HSS.HSS,redundant.redundant,0.0.0457
4.4,D,HSS.HSS,intermittent.redundant,0.0.0273
4.4,C,HSS.HSS,redundant.intermittent,0.0.0226
4.4,D,HSS.HSS,redundant.redundant,0.001.0.0066
3.4,C,HSS.HSS,critical.intermittent,0.0.0063
1.4,C,HSS.HSS,intermittent.redundant,0.0014.0.0017
4.4,D,HSS.HSS,redundant.redundant,0.0015.0.0123
3.4,C,HSS.HSS,redundant.redundant,0.0011.0.0064
4.4,C,HSS.HSS,redundant.redundant,0.0004.0.0027
4.3,D,HSS.HSS,redundant.redundant,0.0015.0.0026
4.4,D,Intermediate.HSS,intermittent.redundant,0.0011.0.0033
2.4,C,HSS.HSS,redundant.redundant,0.0014.0.002
4.4,D,HSS.HSS,redundant.redundant,0.0.0029
3.1,C,HSS.HSS,redundant.redundant,0.0.0005
4.4,D,HSS.HSS,critical.redundant,0.0058.0.02
4.4,C,HSS.HSS,intermittent.redundant,0.0009.0.023
3.2,D,HSS.HSS,redundant.redundant,0.0036.0.0123
4.4,C,HSS.HSS,redundant.intermittent,0.001.0.0035
2.4,D,HSS.HSS,redundant.intermittent,0.0009.0.0029
2.4,C,HSS.HSS,redundant.redundant,0.0151.0.1349
4.4,C,HSS.HSS,redundant.redundant,0.0.0054
4.4,C,HSS.HSS,intermittent.redundant,0.001.0.0037
4.4,C,HSS.HSS,redundant.redundant,0.0017.0.0055
3.4,C,HSS.HSS,redundant.redundant,0.0002.0.002
4.4,D,HSS.HSS,redundant.redundant,0.002.0.003
4.4,C,HSS.HSS,intermittent.redundant,0.0026.0.0091
4.4,D,HSS.HSS,redundant.redundant,0.0013.0.0093
4.1,D,HSS.HSS,redundant.redundant,0.0.0136
4.4,D,HSS.HSS,redundant.redundant,0.0016.0.0026
4.3,D,HSS.HSS,intermittent.redundant,0.0006.0.0022
4.1,D,HSS.HSS,critical.redundant,0.001.0.0021
4.4,D,HSS.HSS,redundant.redundant,0.0.0005
4.1,D,HSS.HSS,redundant.intermittent,0.0039.0.0041
4.4,NA,HSS.HSS,redundant.redundant,0.0016.0.0072
4.2,C,Strict.HSS,redundant.redundant,0.0.0018
4.1,C,HSS.HSS,redundant.redundant,0.022.0.0292
4.3,C,HSS.HSS,redundant.redundant,0.0015.0.0055
4.1,D,HSS.HSS,redundant.redundant,0.002.0.0023
1.4,C,HSS.HSS,redundant.redundant,0.0008.0.0058
4.4,D,HSS.HSS,intermittent.redundant,0.0024.0.028
2.4,C,HSS.HSS,redundant.redundant,0.0015.0.0048
2.4,C,HSS.HSS,redundant.redundant,0.0014.0.0033
4.3,C,HSS.HSS,redundant.critical,0.0.045
1.3,C,HSS.HSS,redundant.redundant,0.0.007
4.4,C,HSS.HSS,redundant.redundant,0.0007.0.002
4.3,NA,HSS.HSS,redundant.redundant,0.0019.0.0902
4.1,C,HSS.HSS,redundant.redundant,0.0053.0.0132
3.4,C,HSS.HSS,intermittent.redundant,0.002.0.0168
2.4,C,HSS.HSS,redundant.redundant,0.0025.0.0464
4.4,D,HSS.HSS,intermittent.redundant,0.0051.0.0125
4.4,C,HSS.HSS,redundant.intermittent,0.0024.0.0116
4.4,C,HSS.HSS,redundant.redundant,0.0005.0.0135
4.1,D,HSS.HSS,redundant.redundant,0.0086.0.057
3.4,C,HSS.HSS,redundant.redundant,0.0.0039
4.4,C,HSS.HSS,redundant.redundant,0.0041.0.0371
4.4,D,HSS.HSS,redundant.redundant,0.002.0.0052
4.4,NA,HSS.HSS,redundant.redundant,0.002.0.028
4.4,D,HSS.HSS,redundant.redundant,0.0.0012
3.4,C,HSS.Intermediate,redundant.redundant,0.0025.0.0096
1.1,C,HSS.HSS,redundant.redundant,0.0.0008
4.4,C,HSS.HSS,redundant.redundant,0.0.0024
1.4,C,HSS.HSS,redundant.redundant,0.001.0.0166
4.4,C,HSS.HSS,redundant.redundant,0.0026.0.0047
4.4,C,HSS.HSS,redundant.redundant,0.0011.0.0028
4.4,D,HSS.HSS,redundant.redundant,0.0022.0.0223
4.4,D,HSS.HSS,redundant.critical,0.0023.0.0028
4.1,C,HSS.Strict,redundant.intermittent,0.0006.0.0041
4.4,C,HSS.HSS,redundant.redundant,0.003.0.0038
4.2,C,HSS.HSS,redundant.redundant,0.0063.0.0084
2.4,C,HSS.HSS,redundant.redundant,0.0021.0.0054
1.4,C,HSS.HSS,redundant.redundant,0.0009.0.0125
4.4,C,HSS.HSS,redundant.intermittent,0.0005.0.0057
3.3,D,HSS.HSS,critical.intermittent,0.0005.0.0018
4.4,D,HSS.HSS,intermittent.redundant,0.0.002
2.4,C,HSS.HSS,redundant.redundant,0.0018.0.006
4.1,C,HSS.Strict,redundant.redundant,0.0021.0.0039
4.4,C,HSS.HSS,redundant.redundant,0.0042.0.0053
4.1,C,HSS.HSS,redundant.redundant,0.0008.0.0136
3.3,C,HSS.HSS,redundant.redundant,0.0.0035
4.4,C,HSS.HSS,redundant.redundant,0.0025.0.2063
4.2,D,HSS.HSS,redundant.redundant,0.0018.0.0159
4.3,C,HSS.HSS,intermittent.redundant,0.002.0.0134
4.4,C,HSS.HSS,redundant.intermittent,0.0006.0.0031
2.2,NA,HSS.HSS,redundant.redundant,0.0.0008
4.4,C,HSS.HSS,redundant.redundant,0.0005.0.0034
4.4,C,HSS.HSS,redundant.redundant,0.0015.0.0076
4.1,NA,HSS.HSS,intermittent.redundant,0.0.128
4.4,C,HSS.HSS,intermittent.redundant,0.0016.0.062
4.4,C,HSS.HSS,critical.redundant,0.0075.0.0079
4.4,C,HSS.HSS,redundant.redundant,0.0.0025
4.4,C,HSS.HSS,redundant.redundant,0.0016.0.0301
3.3,D,HSS.HSS,intermittent.redundant,0.0.067
4.2,C,HSS.HSS,redundant.intermittent,0.0053.0.0278
4.4,D,HSS.HSS,redundant.redundant,0.0006.0.0029
4.4,C,HSS.HSS,intermittent.redundant,0.0.0013
4.4,C,HSS.HSS,redundant.intermittent,0.0.0042
4.4,C,HSS.HSS,redundant.redundant,0.0023.0.0034
2.4,D,HSS.HSS,redundant.intermittent,0.0.0116
3.4,D,HSS.HSS,redundant.redundant,0.0012.0.0046
3.4,C,HSS.HSS,redundant.intermittent,0.001.0.006
4.2,C,HSS.HSS,critical.intermittent,0.0.0024
4.1,C,HSS.HSS,intermittent.redundant,0.0033.0.0081
4.4,C,HSS.HSS,intermittent.redundant,0.0018.0.0079
3.2,D,HSS.HSS,critical.redundant,0.0008.0.0053
4.3,D,HSS.HSS,redundant.intermittent,0.0041.0.0194
3.3,D,HSS.HSS,redundant.redundant,0.0008.0.0009
4.4,D,HSS.HSS,redundant.redundant,0.005.0.0248
3.1,D,HSS.HSS,redundant.redundant,0.0048.0.0097
4.2,C,HSS.HSS,redundant.redundant,0.0.0035
4.4,D,HSS.HSS,intermittent.redundant,0.0006.0.0022
4.3,C,HSS.HSS,redundant.intermittent,0.0.0102
4.4,C,HSS.HSS,redundant.redundant,0.0043.0.013
4.4,C,HSS.HSS,intermittent.redundant,0.0.0026
4.4,D,HSS.HSS,critical.redundant,0.0034.0.0053
3.1,C,HSS.HSS,redundant.critical,0.0.0054
3.4,D,HSS.HSS,intermittent.redundant,0.0063.0.0364
3.4,C,HSS.HSS,intermittent.redundant,0.0009.0.0034
4.1,C,HSS.Strict,redundant.redundant,0.0014.0.003
4.4,D,HSS.HSS,intermittent.redundant,0.0044.0.0118
2.4,C,HSS.Intermediate,critical.redundant,0.0012.0.0218
2.3,C,HSS.HSS,redundant.redundant,0.003.0.0046
4.1,C,HSS.HSS,redundant.intermittent,0.0004.0.0008
4.3,C,HSS.HSS,redundant.intermittent,0.0.0088
4.1,C,HSS.HSS,redundant.redundant,0.0.0016
4.3,D,HSS.HSS,redundant.redundant,0.0.0012
4.3,D,HSS.HSS,redundant.redundant,0.0029.0.027
1.4,NA,HSS.HSS,critical.redundant,0.0.0095
4.4,C,HSS.HSS,redundant.redundant,0.0013.0.0018
4.4,C,HSS.HSS,redundant.redundant,0.0009.0.0026
4.4,C,HSS.HSS,redundant.redundant,0.0014.0.0068
3.1,D,HSS.HSS,critical.redundant,0.0008.0.0021
4.2,C,HSS.HSS,redundant.redundant,0.0053.0.3332
1.3,D,HSS.HSS,intermittent.redundant,0.0027.0.0122
4.4,D,HSS.HSS,redundant.redundant,0.0023.0.0024
4.4,C,HSS.HSS,redundant.redundant,0.0038.0.0102
4.4,D,HSS.HSS,redundant.redundant,0.0.0011
4.4,D,HSS.HSS,intermittent.redundant,0.0016.0.0028
4.3,C,HSS.HSS,redundant.redundant,0.0037.0.01
4.4,C,HSS.HSS,redundant.intermittent,0.0069.0.0184
4.4,C,HSS.HSS,redundant.redundant,0.0011.0.002
2.3,D,HSS.HSS,redundant.redundant,0.0004.0.0005
4.4,C,HSS.HSS,redundant.intermittent,0.0.0007
4.4,C,HSS.HSS,redundant.redundant,0.0061.0.0112
3.4,C,HSS.HSS,intermittent.redundant,0.0009.0.0082
1.4,D,HSS.HSS,redundant.redundant,0.0009.0.0013
4.4,D,HSS.HSS,redundant.redundant,0.001.0.0017
4.4,C,HSS.HSS,redundant.redundant,0.0011.0.0027
4.1,D,HSS.HSS,critical.redundant,0.0.002
3.4,C,HSS.HSS,intermittent.redundant,0.0.0016
4.4,C,HSS.Strict,redundant.redundant,0.0008.0.002
4.4,C,HSS.HSS,redundant.redundant,0.0006.0.0013
3.2,C,HSS.HSS,critical.redundant,0.0036.0.0193
2.4,C,HSS.HSS,intermittent.redundant,0.0.0188
3.4,C,HSS.HSS,redundant.redundant,0.0.0006
4.4,NA,HSS.HSS,redundant.intermittent,0.0.0048
4.3,C,HSS.HSS,intermittent.redundant,0.0009.0.0078
3.3,D,HSS.HSS,redundant.redundant,0.0.0014
1.4,D,HSS.HSS,redundant.redundant,0.0021.0.0514
4.4,C,HSS.HSS,redundant.redundant,0.002.0.0282
1.1,C,HSS.HSS,redundant.redundant,0.0021.0.0068
2.4,D,HSS.HSS,redundant.redundant,0.0.0015
3.3,C,HSS.HSS,redundant.redundant,0.0009.0.0036
4.4,D,HSS.HSS,redundant.redundant,0.0041.0.0251
4.1,C,HSS.HSS,intermittent.redundant,0.001.0.004
4.3,C,HSS.HSS,redundant.redundant,0.0.0107
4.1,D,HSS.HSS,redundant.redundant,0.0014.0.0136
4.4,C,HSS.HSS,intermittent.redundant,0.0.0009
1.1,C,HSS.HSS,redundant.intermittent,0.0267.0.0576
4.4,C,HSS.HSS,redundant.redundant,0.0.0045
4.2,C,HSS.HSS,redundant.redundant,0.0032.0.0046
4.4,C,HSS.HSS,redundant.redundant,0.0006.0.001
1.4,D,HSS.HSS,redundant.redundant,0.0.0256
4.3,C,Intermediate.HSS,redundant.critical,0.0013.0.0014
4.2,D,HSS.Intermediate,redundant.redundant,0.0042.0.0083
4.4,C,HSS.HSS,intermittent.redundant,0.0044.0.028
4.3,C,HSS.HSS,redundant.redundant,0.0011.0.0012
4.4,NA,HSS.HSS,critical.redundant,0.0009.0.005
4.4,C,HSS.HSS,redundant.redundant,0.0017.0.0102
1.2,D,HSS.HSS,redundant.redundant,0.0027.0.0051
4.4,D,HSS.HSS,redundant.redundant,0.0029.0.0761
3.4,C,HSS.HSS,intermittent.intermittent,0.0.0049
1.4,C,HSS.HSS,redundant.redundant,0.0.0008
4.4,D,HSS.HSS,critical.intermittent,0.001.0.0014
3.3,C,HSS.HSS,critical.redundant,0.0.0029
4.4,C,HSS.HSS,redundant.redundant,0.0012.0.0026
4.4,C,HSS.HSS,redundant.redundant,0.0019.0.0443
4.3,C,HSS.HSS,redundant.redundant,0.0008.0.0023
2.1,C,HSS.HSS,critical.critical,0.0016.0.0148
3.4,D,HSS.HSS,critical.redundant,0.004.0.015
4.1,C,HSS.HSS,redundant.redundant,0.0.0004
2.4,C,Strict.HSS,redundant.redundant,0.0038.0.1128
2.3,C,HSS.HSS,redundant.redundant,0.0017.0.0039
4.1,NA,Strict.HSS,redundant.intermittent,0.0.0067
4.4,C,HSS.HSS,redundant.redundant,0.0015.0.0029
4.2,C,HSS.HSS,redundant.redundant,0.0005.0.0017
4.4,NA,HSS.HSS,redundant.redundant,0.0064.0.0156
4.3,D,Strict.HSS,redundant.intermittent,0.0.02
4.4,C,HSS.HSS,redundant.redundant,0.0014.0.0033
4.4,C,Intermediate.HSS,redundant.redundant,0.0.0016
4.4,C,HSS.HSS,redundant.redundant,0.0021.0.0032
2.3,C,HSS.HSS,redundant.redundant,0.003.0.0034
4.1,D,HSS.HSS,redundant.critical,0.0.0029
4.1,C,HSS.HSS,redundant.redundant,0.0012.0.0024
4.4,C,HSS.HSS,redundant.redundant,0.0014.0.0147
2.3,C,HSS.Intermediate,redundant.redundant,0.0025.0.006
3.3,C,HSS.HSS,redundant.redundant,0.0029.0.0087
2.4,C,HSS.Intermediate,intermittent.redundant,0.0025.0.0029
4.2,C,HSS.HSS,redundant.critical,0.0.0367
2.2,D,HSS.HSS,redundant.redundant,0.0047.0.0408
3.4,C,HSS.HSS,redundant.redundant,0.0.0037
3.3,D,HSS.HSS,redundant.redundant,0.0.0018
4.4,C,HSS.HSS,redundant.critical,0.0.0009
4.4,C,HSS.HSS,redundant.intermittent,0.0.0502
4.4,C,HSS.Intermediate,redundant.redundant,0.0005.0.0229
2.4,C,HSS.HSS,redundant.redundant,0.0.0039
2.4,C,HSS.HSS,intermittent.redundant,0.0012.0.0013
4.4,D,HSS.HSS,redundant.redundant,0.0.0027
4.4,C,HSS.HSS,redundant.redundant,0.0013.0.0023
1.1,D,HSS.HSS,redundant.redundant,0.0.0374
4.4,D,HSS.HSS,intermittent.intermittent,0.0015.0.0102
4.4,C,HSS.HSS,redundant.redundant,0.0008.0.0065
4.3,D,HSS.HSS,redundant.redundant,0.0.0348
2.4,C,HSS.HSS,intermittent.redundant,0.0013.0.0043
4.2,D,HSS.HSS,redundant.intermittent,0.0012.0.0017
4.4,C,HSS.HSS,redundant.redundant,0.0007.0.0012
4.4,D,HSS.HSS,redundant.redundant,0.0.0792
4.4,C,HSS.HSS,redundant.redundant,0.0022.0.0029
1.4,C,HSS.HSS,redundant.redundant,0.0.0078
4.4,C,HSS.HSS,redundant.intermittent,0.0.002
3.4,C,HSS.HSS,redundant.intermittent,0.0029.0.0033
4.2,D,HSS.HSS,intermittent.redundant,0.0009.0.0292
4.4,C,HSS.HSS,redundant.redundant,0.0127.0.0205
4.4,C,HSS.HSS,redundant.intermittent,0.0.0063
4.4,C,HSS.Strict,redundant.critical,0.0.0065
4.3,C,HSS.HSS,redundant.redundant,0.0.0017
1.4,C,Strict.HSS,redundant.redundant,0.0023.0.0042
1.2,D,HSS.HSS,redundant.critical,0.0023.0.0097
4.4,C,HSS.HSS,redundant.redundant,0.0017.0.0145
4.4,D,HSS.HSS,redundant.intermittent,0.008.0.0082
4.4,D,HSS.HSS,redundant.redundant,0.0036.0.0097
4.1,C,HSS.HSS,redundant.redundant,0.0.0057
4.4,C,HSS.HSS,redundant.redundant,0.001.0.1819
1.4,C,HSS.HSS,redundant.redundant,0.0006.0.0037
4.4,D,HSS.HSS,redundant.redundant,0.0019.0.0029
2.3,D,HSS.HSS,intermittent.redundant,0.0.0105
4.3,C,HSS.HSS,intermittent.redundant,0.0016.0.0042
4.4,C,HSS.HSS,redundant.intermittent,0.0024.0.0032
4.3,D,HSS.HSS,intermittent.intermittent,0.0.0266
1.4,C,HSS.HSS,redundant.critical,0.0.003
3.4,D,HSS.HSS,redundant.intermittent,0.0031.0.0075
4.3,C,Strict.HSS,redundant.redundant,0.0025.0.0034
1.4,D,HSS.HSS,redundant.redundant,0.0011.0.0012
2.3,D,Intermediate.HSS,redundant.redundant,0.0019.0.0087
4.3,D,HSS.HSS,critical.redundant,0.0007.0.0015
4.4,D,HSS.HSS,redundant.critical,0.0036.0.0094
4.4,D,HSS.HSS,critical.intermittent,0.0034.0.0075
4.2,C,HSS.HSS,redundant.intermittent,0.0.0049
4.4,D,HSS.Strict,redundant.redundant,0.0.002
4.3,C,HSS.HSS,intermittent.critical,0.0.0008
2.4,C,HSS.HSS,redundant.redundant,0.0006.0.0392
4.2,C,HSS.HSS,redundant.redundant,0.0.012
4.3,C,HSS.HSS,redundant.redundant,0.0012.0.0029
4.4,C,HSS.HSS,critical.critical,0.0005.0.0153
4.3,D,HSS.HSS,redundant.redundant,0.0002.0.0003
1.4,D,HSS.HSS,redundant.redundant,0.0013.0.0016
1.4,D,HSS.HSS,redundant.redundant,0.0.0091
4.4,D,HSS.HSS,redundant.redundant,0.002.0.0034
3.2,D,HSS.HSS,redundant.intermittent,0.0008.0.0016
2.4,C,Intermediate.HSS,redundant.redundant,0.0.1819
4.4,D,HSS.HSS,redundant.redundant,0.0.0066
4.1,NA,HSS.HSS,redundant.redundant,0.0009.0.128
4.4,NA,HSS.HSS,redundant.redundant,0.0006.0.0021
4.4,D,HSS.HSS,redundant.intermittent,0.002.0.0021
4.4,C,HSS.Intermediate,redundant.intermittent,0.0023.0.0033
4.4,D,HSS.HSS,redundant.redundant,0.0.0273
4.4,C,Strict.HSS,redundant.redundant,0.0013.0.0037
3.4,C,HSS.HSS,redundant.redundant,0.0097.0.0277
1.3,D,HSS.HSS,redundant.redundant,0.0006.0.0019
4.4,C,HSS.HSS,intermittent.intermittent,0.003.0.0441
4.4,C,HSS.HSS,intermittent.intermittent,0.0.0226
2.4,NA,HSS.HSS,redundant.intermittent,0.0008.0.0026
4.4,C,HSS.HSS,critical.redundant,0.0013.0.0209
4.2,C,HSS.HSS,redundant.redundant,0.0023.0.024
4.1,D,HSS.HSS,redundant.redundant,0.0009.0.0034
1.2,NA,HSS.HSS,redundant.redundant,0.0013.0.0015
4.2,C,HSS.HSS,redundant.redundant,0.0.0046
4.3,D,HSS.HSS,redundant.redundant,0.0018.0.0052
2.4,C,HSS.HSS,redundant.redundant,0.0009.0.0234
1.2,D,HSS.HSS,redundant.redundant,0.0004.0.0009
2.3,D,HSS.HSS,intermittent.critical,0.0006.0.0017
1.4,D,HSS.HSS,redundant.redundant,0.0.002
4.1,C,HSS.HSS,redundant.redundant,0.0023.0.0035
4.4,C,HSS.HSS,redundant.redundant,0.0017.0.0021
4.4,C,HSS.HSS,redundant.redundant,0.0.0025
4.4,C,HSS.Strict,intermittent.redundant,0.0181.0.0243
4.4,C,HSS.HSS,redundant.redundant,0.0.0049
4.4,C,Strict.HSS,redundant.redundant,0.0.0026
4.4,D,HSS.HSS,redundant.redundant,0.0008.0.001
4.1,D,HSS.HSS,redundant.redundant,0.0062.0.0098
3.4,C,HSS.HSS,intermittent.redundant,0.0.0022
4.4,C,HSS.HSS,redundant.intermittent,0.0006.0.001
3.4,D,HSS.HSS,intermittent.redundant,0.0037.0.0082
4.1,D,HSS.HSS,intermittent.redundant,0.0.1068
2.4,C,HSS.HSS,critical.redundant,0.0.0032
4.4,D,HSS.HSS,critical.redundant,0.0004.0.0015
4.2,C,HSS.Intermediate,redundant.redundant,0.0011.0.0083
1.1,C,HSS.HSS,intermittent.redundant,0.0021.0.0024
4.1,C,HSS.HSS,redundant.intermittent,0.0.0015
4.1,C,HSS.HSS,redundant.redundant,0.0048.0.0082
1.2,C,HSS.HSS,redundant.redundant,0.0.002
4.4,C,HSS.HSS,redundant.redundant,0.0028.0.0051
3.4,C,HSS.HSS,redundant.redundant,0.0038.0.0055
4.4,C,HSS.HSS,intermittent.redundant,0.004.0.027
4.4,D,HSS.HSS,redundant.redundant,0.001.0.0033
1.4,C,Strict.HSS,intermittent.redundant,0.0016.0.0017
1.2,D,HSS.HSS,redundant.redundant,0.0053.0.0116
3.4,D,HSS.HSS,intermittent.redundant,0.0024.0.0191
4.4,C,HSS.HSS,redundant.redundant,0.0049.0.0053
4.4,C,HSS.HSS,redundant.redundant,0.0008.0.0202
4.4,D,HSS.HSS,redundant.redundant,0.0.0028
1.4,D,HSS.HSS,redundant.redundant,0.0023.0.0102
2.3,C,HSS.HSS,redundant.critical,0.0.0024
4.4,D,HSS.HSS,redundant.redundant,0.0014.0.0028
2.1,C,HSS.HSS,redundant.intermittent,0.0.0012
4.4,D,HSS.HSS,redundant.redundant,0.0006.0.0015
3.4,C,HSS.HSS,redundant.intermittent,0.0023.0.0061
2.2,C,HSS.HSS,intermittent.intermittent,0.0.0025
4.4,D,HSS.HSS,redundant.redundant,0.0.003
4.4,D,HSS.HSS,redundant.redundant,0.0006.0.0017
4.4,C,HSS.HSS,redundant.redundant,0.0008.0.0014
4.4,NA,HSS.HSS,redundant.intermittent,0.0021.0.0048
4.4,C,HSS.HSS,redundant.redundant,0.004.0.0054
4.4,C,HSS.HSS,redundant.redundant,0.0009.0.0026
4.4,C,HSS.HSS,redundant.redundant,0.0008.0.0246
2.4,D,HSS.HSS,redundant.redundant,0.0013.0.0022
4.4,C,HSS.HSS,intermittent.intermittent,0.0007.0.0041
4.4,C,HSS.HSS,redundant.redundant,0.004.0.0159
3.4,D,HSS.HSS,redundant.redundant,0.0044.0.0927
1.4,C,HSS.Intermediate,redundant.redundant,0.0049.0.0188
3.3,C,HSS.HSS,intermittent.redundant,0.0009.0.0159
3.3,C,HSS.HSS,redundant.redundant,0.0.0009
1.1,D,HSS.HSS,redundant.redundant,0.002.0.0054
4.1,C,HSS.HSS,redundant.redundant,0.0014.0.0092
4.2,D,HSS.HSS,redundant.redundant,0.0013.0.0022
2.1,C,HSS.HSS,redundant.redundant,0.0185.0.0433
4.4,C,HSS.HSS,redundant.redundant,0.0005.0.0006
4.4,C,HSS.HSS,intermittent.redundant,0.0057.0.0105
4.3,C,HSS.HSS,critical.intermittent,0.0039.0.0558
4.4,C,HSS.HSS,redundant.redundant,0.0.001
3.4,C,HSS.HSS,intermittent.redundant,0.0009.0.0015
4.4,C,HSS.HSS,intermittent.redundant,0.0014.0.0029
2.4,D,HSS.HSS,redundant.redundant,0.0004.0.0096
3.2,C,HSS.HSS,redundant.redundant,0.001.0.0031
2.2,C,HSS.HSS,redundant.redundant,0.002.0.0026
4.1,C,HSS.HSS,intermittent.intermittent,0.0.0027
3.4,C,HSS.HSS,redundant.redundant,0.002.0.0056
3.4,D,HSS.HSS,intermittent.redundant,0.0.0161
4.4,C,HSS.HSS,critical.redundant,0.0012.0.0116
4.4,NA,Strict.HSS,intermittent.redundant,0.0.0013
4.1,C,HSS.Strict,intermittent.redundant,0.0181.0.0916
4.4,C,HSS.HSS,redundant.redundant,0.0064.0.0085
4.4,D,HSS.HSS,critical.intermittent,0.0005.0.0006
4.4,C,HSS.HSS,redundant.intermittent,0.0.0272
1.4,D,HSS.HSS,redundant.redundant,0.0.001
4.1,C,HSS.HSS,redundant.redundant,0.0021.0.0025
4.4,D,HSS.HSS,redundant.redundant,0.0.0025
3.4,C,HSS.HSS,intermittent.redundant,0.0.0019
1.3,D,HSS.HSS,intermittent.redundant,0.0.0014
4.4,C,HSS.Intermediate,redundant.redundant,0.0023.0.0145
4.4,C,HSS.HSS,redundant.redundant,0.0175.0.1051
2.3,C,HSS.HSS,redundant.redundant,0.0018.0.0204
4.4,C,HSS.HSS,redundant.redundant,0.0012.0.0061
4.1,C,HSS.HSS,redundant.intermittent,0.0.0592
4.4,C,HSS.HSS,redundant.redundant,0.0005.0.0047
4.4,D,HSS.HSS,intermittent.intermittent,0.0025.0.0041
4.4,C,HSS.HSS,redundant.redundant,0.0.0022
1.4,C,HSS.HSS,redundant.intermittent,0.0014.0.0072
4.3,D,HSS.HSS,critical.redundant,0.0.0003
4.4,NA,HSS.HSS,redundant.intermittent,0.0002.0.0102
2.2,C,HSS.HSS,redundant.redundant,0.0018.0.0522
4.4,C,HSS.HSS,redundant.redundant,0.0.0051
1.1,C,HSS.HSS,intermittent.redundant,0.0.0006
4.1,D,HSS.HSS,redundant.redundant,0.0.0004
4.4,C,HSS.HSS,intermittent.redundant,0.0822.0.0992
4.2,D,HSS.HSS,redundant.redundant,0.0016.0.0019
4.4,D,HSS.HSS,redundant.redundant,0.0012.0.0216
4.4,C,HSS.HSS,redundant.redundant,0.0023.0.0068
4.1,C,HSS.HSS,redundant.redundant,0.0.0271
4.4,C,HSS.HSS,redundant.redundant,0.0006.0.0134
4.4,D,HSS.HSS,redundant.redundant,0.0094.0.011
4.3,C,Intermediate.HSS,redundant.redundant,0.0008.0.0048
4.4,D,HSS.HSS,intermittent.intermittent,0.0.0596
4.4,C,HSS.Intermediate,redundant.intermittent,0.0.0114
4.3,C,HSS.HSS,redundant.redundant,0.0.0011
4.4,D,HSS.HSS,redundant.intermittent,0.0062.0.007
4.4,D,HSS.HSS,redundant.redundant,0.0041.0.1398
1.2,D,HSS.HSS,redundant.redundant,0.0.004
3.4,C,HSS.HSS,critical.redundant,0.0.0233
4.4,C,HSS.HSS,intermittent.redundant,0.0009.0.0085
4.4,C,HSS.HSS,intermittent.intermittent,0.0.0013
1.4,D,HSS.HSS,redundant.redundant,0.0023.0.003
4.4,D,HSS.HSS,intermittent.redundant,0.0043.0.0069
3.4,C,HSS.HSS,redundant.redundant,0.0.0015
4.1,C,HSS.HSS,redundant.redundant,0.0015.0.0092
4.3,C,Intermediate.HSS,redundant.intermittent,0.0.0102
4.2,D,HSS.HSS,redundant.redundant,0.0132.0.0264
3.4,D,HSS.HSS,intermittent.intermittent,0.0.0048
4.4,D,HSS.HSS,redundant.redundant,0.0039.0.0206
2.4,D,HSS.HSS,intermittent.redundant,0.0025.0.0043
4.2,C,HSS.HSS,redundant.redundant,0.0012.0.004
4.4,D,HSS.HSS,redundant.redundant,0.0.0715
4.4,C,HSS.HSS,redundant.redundant,0.0027.0.0086
4.4,C,HSS.Intermediate,intermittent.redundant,0.0034.0.0057
4.2,D,HSS.HSS,intermittent.intermittent,0.0031.0.0032
4.4,C,HSS.HSS,redundant.redundant,0.0005.0.002
1.4,C,HSS.HSS,redundant.redundant,0.0007.0.002
4.4,D,HSS.HSS,redundant.redundant,0.0018.0.03
4.4,D,Strict.HSS,redundant.redundant,0.001.0.0038
4.4,C,HSS.HSS,redundant.redundant,0.0087.0.1982
4.3,D,HSS.HSS,redundant.intermittent,0.0062.0.07
4.4,C,HSS.HSS,redundant.redundant,0.0018.0.0027
4.1,NA,HSS.HSS,redundant.redundant,0.0456.0.128
4.2,D,HSS.HSS,redundant.redundant,0.0.0161
4.4,C,HSS.HSS,redundant.redundant,0.0.0008
1.4,C,HSS.HSS,critical.redundant,0.0.0041
2.3,C,HSS.Strict,redundant.redundant,0.0018.0.0404
3.1,D,HSS.Intermediate,redundant.redundant,0.0015.0.0026
3.4,NA,HSS.HSS,redundant.redundant,0.0.0038
3.4,C,HSS.HSS,intermittent.redundant,0.003.0.0065
1.4,D,HSS.HSS,redundant.redundant,0.0007.0.0061
4.1,C,HSS.HSS,critical.intermittent,0.0011.0.0102
4.4,C,HSS.HSS,redundant.redundant,0.0.008
3.3,C,HSS.HSS,redundant.redundant,0.0.0034
4.4,C,HSS.HSS,redundant.redundant,0.0031.0.0049
4.1,C,HSS.HSS,redundant.redundant,0.0.0021
1.2,C,HSS.HSS,redundant.intermittent,0.0007.0.0009
2.1,D,HSS.HSS,redundant.redundant,0.0017.0.0136
3.3,D,HSS.HSS,intermittent.critical,0.0008.0.0024
4.1,C,HSS.HSS,redundant.redundant,0.0009.0.0016
4.4,C,HSS.HSS,redundant.redundant,0.0011.0.0039
4.4,C,HSS.HSS,intermittent.redundant,0.0006.0.001
4.4,D,HSS.HSS,redundant.redundant,0.0038.0.0043
4.1,C,HSS.HSS,redundant.redundant,0.0006.0.0036
4.1,C,HSS.HSS,redundant.redundant,0.0011.0.0012
4.4,C,HSS.HSS,intermittent.redundant,0.0006.0.0026
4.2,C,HSS.HSS,redundant.redundant,0.0005.0.0017
4.4,D,HSS.HSS,redundant.intermittent,0.0049.0.0099
4.4,C,HSS.HSS,redundant.redundant,0.0008.0.0025
4.4,C,HSS.HSS,redundant.redundant,0.0.0309
1.4,D,HSS.HSS,redundant.redundant,0.002.0.0023
4.4,C,HSS.HSS,redundant.redundant,0.0024.0.003
4.3,D,Intermediate.HSS,redundant.intermittent,0.0028.0.0175
2.2,C,HSS.HSS,intermittent.redundant,0.0007.0.0012
3.4,C,HSS.HSS,redundant.redundant,0.0009.0.001
1.4,D,HSS.HSS,intermittent.redundant,0.0019.0.0472
4.2,C,Strict.HSS,redundant.redundant,0.0.0522
4.4,C,HSS.HSS,redundant.redundant,0.0022.0.0068
3.4,C,HSS.HSS,redundant.redundant,0.0014.0.0155
4.4,C,HSS.HSS,redundant.redundant,0.0.0039
4.4,D,HSS.HSS,redundant.redundant,0.0562.0.0656
4.4,D,HSS.HSS,redundant.redundant,0.0.0008
2.4,D,HSS.Intermediate,intermittent.redundant,0.0007.0.0008
4.4,C,HSS.HSS,redundant.intermittent,0.0021.0.0109
4.3,C,HSS.HSS,redundant.intermittent,0.0006.0.0081
4.2,C,HSS.HSS,critical.redundant,0.001.0.0037
4.3,C,HSS.HSS,redundant.intermittent,0.0.0016
3.2,C,HSS.HSS,critical.redundant,0.0019.0.0036
4.4,C,HSS.HSS,redundant.redundant,0.0014.0.0184
1.2,D,HSS.HSS,intermittent.redundant,0.0016.0.0196
2.4,D,HSS.HSS,intermittent.redundant,0.0.0018
4.4,C,HSS.HSS,critical.redundant,0.001.0.0179
4.4,C,HSS.HSS,redundant.redundant,0.0.0013
4.4,C,HSS.HSS,redundant.intermittent,0.0015.0.0033
4.1,C,HSS.HSS,redundant.redundant,0.0022.0.0029
2.4,C,HSS.HSS,redundant.redundant,0.001.0.0052
4.4,C,HSS.HSS,redundant.redundant,0.0005.0.0017
4.4,C,HSS.HSS,redundant.redundant,0.0009.0.0013
1.4,D,HSS.HSS,redundant.intermittent,0.0035.0.0223
2.4,C,HSS.HSS,redundant.redundant,0.0019.0.0072
4.2,C,HSS.HSS,redundant.redundant,0.0.0031
2.4,D,HSS.HSS,redundant.redundant,0.0013.0.0169
1.4,D,HSS.HSS,redundant.intermittent,0.0.0068
3.2,C,HSS.HSS,redundant.redundant,0.0.001
4.2,C,HSS.HSS,redundant.redundant,0.0.0161
4.4,C,HSS.HSS,intermittent.redundant,0.001.0.0024
4.4,C,HSS.HSS,redundant.redundant,0.0012.0.0091
4.2,D,HSS.HSS,redundant.redundant,0.0033.0.0068
4.4,D,HSS.HSS,redundant.intermittent,0.0025.0.0033
4.4,D,HSS.HSS,redundant.redundant,0.0.0011
1.4,D,HSS.Intermediate,redundant.redundant,0.0071.0.0374
1.4,C,HSS.HSS,redundant.redundant,0.0.0048
4.4,C,HSS.HSS,redundant.redundant,0.0.0098
1.4,D,HSS.HSS,intermittent.redundant,0.0026.0.0091
4.4,C,HSS.HSS,intermittent.redundant,0.0.0024
3.4,D,HSS.HSS,redundant.redundant,0.007.0.0449
2.4,C,HSS.HSS,intermittent.redundant,0.0007.0.0054
1.4,D,HSS.HSS,redundant.redundant,0.0014.0.0021
4.4,C,HSS.HSS,redundant.redundant,0.0027.0.0191
4.4,C,HSS.HSS,redundant.intermittent,0.0025.0.0289
4.1,D,HSS.Intermediate,critical.intermittent,0.0.0051
4.4,C,HSS.HSS,redundant.redundant,0.0.0034
2.4,C,HSS.HSS,redundant.redundant,0.0013.0.0103
4.3,D,HSS.HSS,redundant.redundant,0.0.0026
4.1,C,HSS.HSS,redundant.redundant,0.0.0762
4.4,C,HSS.HSS,critical.redundant,0.0018.0.1982
4.2,C,HSS.HSS,intermittent.redundant,0.0007.0.0019
1.4,D,HSS.HSS,redundant.redundant,0.0071.0.011
4.2,D,HSS.HSS,redundant.redundant,0.0016.0.0022
4.4,D,Intermediate.HSS,redundant.redundant,0.0023.0.0106
4.4,D,HSS.HSS,intermittent.redundant,0.0.005
4.4,C,HSS.HSS,redundant.redundant,0.0015.0.0066
4.1,C,HSS.HSS,intermittent.redundant,0.0044.0.0274
4.1,C,HSS.HSS,redundant.redundant,0.0016.0.0026
3.3,C,HSS.HSS,redundant.redundant,0.0029.0.0055
4.4,C,HSS.HSS,redundant.redundant,0.0053.0.3292
2.1,C,HSS.HSS,redundant.intermittent,0.0.0012
4.4,C,HSS.HSS,redundant.redundant,0.0018.0.0086
2.4,D,HSS.HSS,intermittent.intermittent,0.0.0007
2.4,C,HSS.HSS,redundant.redundant,0.0019.0.0043
4.4,D,HSS.HSS,redundant.redundant,0.0022.0.0406
4.4,D,HSS.HSS,intermittent.redundant,0.0226.0.0372
4.1,D,HSS.HSS,redundant.redundant,0.0.013
2.4,D,HSS.HSS,redundant.redundant,0.0015.0.0242
3.1,D,HSS.HSS,redundant.redundant,0.0034.0.0136
3.4,NA,HSS.HSS,redundant.intermittent,0.0011.0.0014
4.1,C,HSS.HSS,redundant.intermittent,0.0043.0.0045
1.4,C,HSS.HSS,redundant.redundant,0.0045.0.0089
1.3,C,HSS.HSS,intermittent.redundant,0.0008.0.0015
3.1,C,HSS.HSS,redundant.intermittent,0.0011.0.0226
4.4,NA,HSS.HSS,redundant.redundant,0.0021.0.0023
4.4,C,HSS.HSS,redundant.redundant,0.0.0181
3.2,C,HSS.HSS,redundant.redundant,0.0003.0.0084
2.4,C,HSS.HSS,redundant.redundant,0.0.0022
4.4,D,HSS.HSS,redundant.redundant,0.0.0077
1.3,C,HSS.HSS,redundant.critical,0.0014.0.004
4.4,C,HSS.HSS,intermittent.intermittent,0.0032.0.0038
2.1,C,HSS.HSS,redundant.redundant,0.0.0208
4.1,D,HSS.HSS,redundant.redundant,0.0.0373
4.4,C,Intermediate.HSS,redundant.redundant,0.0008.0.001
4.2,C,HSS.HSS,redundant.redundant,0.0.0039
4.3,C,HSS.HSS,redundant.intermittent,0.0006.0.0083
3.4,NA,HSS.HSS,intermittent.redundant,0.003.0.0031
4.4,D,HSS.HSS,redundant.redundant,0.0014.0.0049
1.4,C,HSS.HSS,redundant.redundant,0.0.0016
4.3,NA,HSS.HSS,redundant.intermittent,0.0064.0.0096
3.4,C,HSS.HSS,redundant.redundant,0.0018.0.0135
3.4,D,HSS.HSS,redundant.redundant,0.0018.0.0173
4.4,D,Intermediate.HSS,intermittent.redundant,0.0.001
2.1,C,HSS.HSS,redundant.redundant,0.0016.0.0021
4.4,D,HSS.HSS,redundant.redundant,0.0.003
4.2,C,HSS.HSS,redundant.redundant,0.0.0187
4.4,C,HSS.HSS,redundant.redundant,0.0005.0.0015
2.2,D,HSS.HSS,intermittent.redundant,0.0005.0.0016
4.3,C,HSS.HSS,redundant.redundant,0.0.0017
4.4,D,Intermediate.HSS,redundant.intermittent,0.0029.0.0045
2.4,C,HSS.HSS,critical.intermittent,0.0096.0.0109
4.3,C,Strict.HSS,redundant.redundant,0.002.0.0024
3.4,C,HSS.HSS,redundant.redundant,0.0.0008
4.4,NA,HSS.HSS,intermittent.redundant,0.0.0011
1.3,D,HSS.HSS,redundant.redundant,0.0022.0.0348
4.4,C,HSS.HSS,redundant.redundant,0.0045.0.0186
4.4,D,HSS.HSS,redundant.redundant,0.002.0.0074
3.2,C,HSS.HSS,redundant.redundant,0.0.0013
1.1,C,HSS.HSS,redundant.redundant,0.0048.0.0273
4.3,C,HSS.HSS,intermittent.redundant,0.002.0.0167
4.3,D,HSS.HSS,redundant.intermittent,0.0018.0.0056
4.4,C,Intermediate.HSS,redundant.redundant,0.0015.0.0041
4.4,C,HSS.HSS,redundant.redundant,0.0022.0.0026
4.4,C,HSS.HSS,redundant.intermittent,0.0005.0.0023
4.4,C,HSS.HSS,intermittent.redundant,0.0036.0.0071
4.4,C,HSS.HSS,redundant.intermittent,0.0138.0.0392
2.2,C,HSS.HSS,redundant.redundant,0.0025.0.0035
1.3,C,Strict.Intermediate,redundant.critical,0.0.0013
4.4,D,HSS.HSS,redundant.redundant,0.0006.0.001
4.4,C,HSS.HSS,redundant.redundant,0.0009.0.0018
3.3,C,HSS.HSS,redundant.intermittent,0.0017.0.003
3.2,C,HSS.HSS,intermittent.redundant,0.0.0177
4.4,D,HSS.HSS,intermittent.intermittent,0.0021.0.0035
1.2,C,HSS.HSS,redundant.redundant,0.0015.0.0073
4.4,C,HSS.HSS,intermittent.redundant,0.0023.0.0027
4.3,D,HSS.Intermediate,redundant.intermittent,0.0043.0.1087
4.4,D,HSS.HSS,redundant.critical,0.0.0029
4.4,C,HSS.HSS,redundant.intermittent,0.001.0.0012
4.4,C,HSS.HSS,redundant.redundant,0.0039.0.0076
2.2,C,HSS.HSS,redundant.redundant,0.001.0.0316
3.1,C,HSS.HSS,redundant.intermittent,0.0.0029
2.4,C,HSS.HSS,intermittent.redundant,0.0031.0.0051
4.4,C,HSS.HSS,redundant.redundant,0.011.0.0264
4.1,D,HSS.HSS,redundant.redundant,0.0135.0.0136
4.3,C,HSS.HSS,redundant.redundant,0.0022.0.0035
4.2,D,HSS.HSS,redundant.redundant,0.0.0021
4.3,C,HSS.HSS,critical.redundant,0.0011.0.0015
4.4,C,HSS.HSS,critical.redundant,0.0007.0.003
4.3,D,HSS.HSS,redundant.redundant,0.0.0017
2.4,C,HSS.HSS,redundant.redundant,0.0016.0.0027
4.4,C,HSS.HSS,redundant.redundant,0.0003.0.0033
4.3,D,HSS.HSS,redundant.redundant,0.0022.0.0023
4.4,D,HSS.HSS,redundant.redundant,0.0005.0.0016
4.4,C,HSS.HSS,redundant.intermittent,0.0.0029
4.4,D,HSS.HSS,redundant.intermittent,0.004.0.0044
1.4,NA,HSS.HSS,intermittent.redundant,0.0.0034
4.1,D,HSS.HSS,redundant.redundant,0.0009.0.0031
2.4,D,HSS.HSS,intermittent.redundant,0.0012.0.0021
2.4,C,HSS.HSS,redundant.redundant,0.002.0.042
4.3,C,HSS.HSS,redundant.intermittent,0.0.0175
4.2,C,HSS.HSS,redundant.redundant,0.0115.0.0204
4.3,C,HSS.HSS,intermittent.redundant,0.0035.0.0094
4.3,C,HSS.HSS,redundant.redundant,0.0.0011
2.3,D,HSS.HSS,redundant.intermittent,0.0025.0.0043
1.3,C,HSS.HSS,redundant.redundant,0.0008.0.0017
2.2,NA,HSS.HSS,redundant.intermittent,0.0.0027
2.4,C,HSS.HSS,redundant.redundant,0.0.0329
4.4,D,HSS.HSS,redundant.redundant,0.0006.0.0032
4.4,C,HSS.HSS,redundant.redundant,0.0013.0.0027
4.2,C,HSS.HSS,redundant.redundant,0.0038.0.0781
4.3,C,HSS.HSS,redundant.intermittent,0.0005.0.0083
4.4,D,Strict.HSS,redundant.redundant,0.0009.0.0089
4.4,C,HSS.HSS,intermittent.redundant,0.0.0112
3.4,C,HSS.HSS,redundant.redundant,0.0022.0.0226
1.4,D,HSS.HSS,redundant.redundant,0.002.0.0025
2.2,C,HSS.HSS,critical.redundant,0.0016.0.0077
3.4,D,HSS.HSS,redundant.redundant,0.0011.0.0062
1.4,C,HSS.HSS,redundant.redundant,0.0025.0.011
2.4,C,HSS.HSS,redundant.redundant,0.001.0.0075
3.4,C,HSS.HSS,redundant.redundant,0.0025.0.0074
4.1,C,HSS.HSS,intermittent.redundant,0.0049.0.0088
4.4,D,HSS.HSS,redundant.redundant,0.0014.0.0052
4.4,C,HSS.HSS,critical.redundant,0.0019.0.0105
3.4,C,HSS.HSS,intermittent.redundant,0.0043.0.0464
1.4,D,HSS.HSS,intermittent.redundant,0.018.0.2229
2.3,C,HSS.HSS,redundant.redundant,0.0.0017
4.4,C,HSS.HSS,redundant.intermittent,0.0053.0.0075
4.4,D,Strict.HSS,redundant.redundant,0.0029.0.0047
2.1,C,HSS.HSS,redundant.intermittent,0.0.0027
4.4,D,HSS.HSS,redundant.redundant,0.0.0164
1.2,D,HSS.HSS,intermittent.redundant,0.0.0116
2.4,C,HSS.HSS,redundant.redundant,0.0.003
4.1,D,HSS.Strict,redundant.redundant,0.0.0022
4.3,D,HSS.HSS,redundant.redundant,0.0023.0.0035
3.4,D,HSS.HSS,redundant.intermittent,0.0.0009
4.1,C,HSS.HSS,redundant.redundant,0.0.0339
4.4,C,Strict.HSS,redundant.intermittent,0.0026.0.1073
3.2,C,HSS.HSS,redundant.redundant,0.0008.0.0009
4.4,C,HSS.HSS,redundant.redundant,0.0.0026
3.2,C,Strict.HSS,redundant.redundant,0.0009.0.003
4.4,D,HSS.HSS,redundant.redundant,0.0016.0.0056
2.1,C,HSS.HSS,intermittent.redundant,0.0.0014
3.4,C,HSS.HSS,redundant.intermittent,0.0.0029
1.3,C,Intermediate.HSS,redundant.intermittent,0.0016.0.003
4.4,NA,HSS.HSS,critical.redundant,0.0033.0.0041
4.4,C,HSS.HSS,redundant.redundant,0.0.0022
4.4,C,HSS.HSS,redundant.redundant,0.0.0023
4.4,C,HSS.HSS,intermittent.redundant,0.0009.0.0179
4.2,D,HSS.HSS,redundant.redundant,0.001.0.0136
2.4,C,HSS.HSS,redundant.redundant,0.0005.0.0013
3.4,C,HSS.HSS,redundant.redundant,0.0009.0.0014
4.1,NA,HSS.HSS,intermittent.intermittent,0.0.001
4.4,C,HSS.HSS,redundant.redundant,0.0011.0.0014
3.3,C,HSS.HSS,redundant.redundant,0.0046.0.0787
4.3,C,HSS.HSS,redundant.intermittent,0.002.0.0061
4.4,D,HSS.HSS,redundant.redundant,0.0.0036
4.2,C,HSS.HSS,redundant.redundant,0.001.0.0022
4.1,C,HSS.HSS,redundant.critical,0.0017.0.0092
4.4,C,HSS.HSS,intermittent.intermittent,0.0026.0.037
3.3,C,HSS.HSS,redundant.redundant,0.0.0012
4.4,C,HSS.HSS,redundant.redundant,0.0003.0.0143
4.4,D,HSS.HSS,redundant.redundant,0.0.0011
4.4,D,HSS.HSS,intermittent.redundant,0.0036.0.0039
1.4,C,HSS.HSS,redundant.critical,0.0015.0.1268
4.4,C,HSS.HSS,redundant.redundant,0.0059.0.011
2.4,C,HSS.HSS,redundant.redundant,0.0035.0.0062
4.4,D,HSS.HSS,redundant.redundant,0.0.0523
3.4,D,HSS.HSS,redundant.intermittent,0.0085.0.0849
4.4,D,HSS.HSS,redundant.redundant,0.0001.0.0047
1.4,C,HSS.HSS,redundant.redundant,0.0039.0.0057
4.4,D,HSS.HSS,redundant.redundant,0.0043.0.0256
4.4,C,HSS.HSS,redundant.redundant,0.0005.0.0135
4.4,C,HSS.HSS,redundant.redundant,0.0.0027
4.3,D,HSS.HSS,redundant.redundant,0.0.003
4.2,C,HSS.HSS,redundant.intermittent,0.0025.0.044
2.4,C,HSS.HSS,redundant.redundant,0.001.0.004
4.4,D,HSS.HSS,redundant.redundant,0.0.0061
4.4,C,Strict.HSS,redundant.redundant,0.0011.0.0012
4.4,C,HSS.HSS,redundant.redundant,0.0.0038
1.3,C,HSS.HSS,redundant.redundant,0.0086.0.0691
4.3,C,HSS.HSS,redundant.redundant,0.0.0025
3.4,C,HSS.HSS,redundant.redundant,0.0026.0.0047
4.4,D,HSS.HSS,redundant.redundant,0.0.0008
4.3,C,HSS.HSS,redundant.redundant,0.0058.0.0094
2.3,C,HSS.HSS,redundant.critical,0.0.0024
4.4,D,Strict.HSS,redundant.redundant,0.0.0029
2.3,C,HSS.HSS,redundant.redundant,0.0004.0.002
1.4,C,HSS.HSS,intermittent.redundant,0.0.0065
4.3,D,HSS.HSS,redundant.redundant,0.0012.0.0023
4.4,C,HSS.HSS,intermittent.redundant,0.0.001
4.4,C,HSS.HSS,redundant.redundant,0.001.0.0075
3.3,C,HSS.HSS,redundant.redundant,0.0003.0.0049
1.4,C,HSS.HSS,intermittent.redundant,0.0014.0.0304
4.2,D,HSS.HSS,redundant.intermittent,0.0031.0.0067
4.4,NA,HSS.HSS,intermittent.intermittent,0.0013.0.0021
4.4,D,Strict.HSS,redundant.intermittent,0.0011.0.0049
1.2,C,HSS.Strict,redundant.intermittent,0.001.0.0033
4.3,C,HSS.HSS,redundant.redundant,0.0.0039
2.4,C,HSS.HSS,redundant.redundant,0.0007.0.0341
3.1,D,HSS.HSS,intermittent.redundant,0.0006.0.0009
4.4,C,HSS.HSS,redundant.redundant,0.0.0009
4.1,C,HSS.HSS,intermittent.redundant,0.0009.0.0021
1.4,C,HSS.HSS,redundant.redundant,0.0009.0.004
4.2,C,HSS.HSS,redundant.redundant,0.0045.0.0055
3.4,C,HSS.HSS,intermittent.redundant,0.0.0039
4.4,D,HSS.HSS,redundant.redundant,0.0.0032
1.2,C,HSS.HSS,intermittent.redundant,0.0.003
4.3,C,HSS.HSS,redundant.redundant,0.0006.0.0013
4.4,D,HSS.HSS,redundant.redundant,0.0005.0.0026
3.1,C,HSS.HSS,redundant.redundant,0.0.0012
4.1,D,HSS.HSS,redundant.redundant,0.0016.0.0059
3.4,C,HSS.HSS,redundant.redundant,0.0013.0.0085
4.4,D,HSS.HSS,redundant.intermittent,0.0038.0.0063
4.3,C,HSS.HSS,intermittent.redundant,0.0008.0.0196
4.2,C,HSS.HSS,critical.redundant,0.0018.0.0076
3.4,C,HSS.HSS,critical.redundant,0.001.0.0038
4.4,NA,HSS.HSS,redundant.redundant,0.0.0023
4.4,D,HSS.HSS,intermittent.redundant,0.0.0514
4.3,C,HSS.HSS,redundant.redundant,0.0.0063
4.3,C,HSS.HSS,critical.redundant,0.0.0024
4.4,C,HSS.HSS,redundant.redundant,0.0037.0.0127
4.4,D,HSS.HSS,redundant.redundant,0.0025.0.0151
4.2,D,HSS.HSS,redundant.redundant,0.0027.0.0075
4.4,C,HSS.HSS,redundant.redundant,0.0026.0.0063
1.4,C,HSS.HSS,redundant.redundant,0.0.022
2.4,C,HSS.HSS,redundant.redundant,0.0004.0.001
2.4,C,HSS.HSS,redundant.redundant,0.004.0.016
4.4,C,HSS.HSS,redundant.redundant,0.002.0.0027
4.4,D,HSS.HSS,intermittent.redundant,0.0055.0.0151
4.2,D,HSS.HSS,redundant.intermittent,0.0019.0.0023
4.3,C,HSS.HSS,intermittent.redundant,0.0015.0.0042
1.4,D,HSS.HSS,redundant.redundant,0.0018.0.0025
4.4,C,HSS.HSS,redundant.redundant,0.0018.0.0143
4.4,C,HSS.HSS,redundant.redundant,0.0012.0.0069
4.4,C,HSS.HSS,intermittent.redundant,0.0013.0.0029
3.2,D,HSS.HSS,intermittent.redundant,0.0017.0.0033
4.4,D,HSS.HSS,redundant.redundant,0.0018.0.0173
4.4,C,HSS.HSS,redundant.redundant,0.0005.0.0023
1.4,C,HSS.HSS,critical.intermittent,0.0008.0.0441
4.4,C,HSS.HSS,intermittent.redundant,0.004.0.0084
4.3,C,HSS.HSS,redundant.redundant,0.0.0012
2.4,C,Intermediate.HSS,redundant.redundant,0.0012.0.0022
1.4,D,HSS.HSS,redundant.redundant,0.0011.0.0059
4.1,C,HSS.HSS,intermittent.redundant,0.007.0.0098
4.4,C,HSS.HSS,redundant.redundant,0.0011.0.0073
4.4,C,HSS.HSS,redundant.intermittent,0.0007.0.0016
4.4,C,HSS.HSS,redundant.intermittent,0.0051.0.0052
4.4,C,HSS.HSS,redundant.redundant,0.0.0201
4.1,C,HSS.HSS,redundant.redundant,0.0088.0.0208
4.4,D,HSS.HSS,redundant.redundant,0.0018.0.0026
1.4,D,HSS.HSS,critical.redundant,0.0.0029
4.4,D,HSS.HSS,redundant.redundant,0.0014.0.0015
4.1,C,HSS.HSS,critical.redundant,0.0018.0.0074
4.4,C,HSS.Strict,redundant.intermittent,0.0.0442
4.4,C,Intermediate.HSS,redundant.redundant,0.0029.0.0114
4.4,D,HSS.HSS,redundant.redundant,0.0027.0.0081
4.4,D,HSS.HSS,redundant.redundant,0.0004.0.0011
2.3,C,HSS.Intermediate,redundant.critical,0.0.0013
4.3,D,HSS.HSS,intermittent.redundant,0.0033.0.0055
4.4,C,HSS.HSS,redundant.intermittent,0.0009.0.0024
1.1,C,HSS.HSS,redundant.redundant,0.0018.0.0081
4.1,C,HSS.HSS,redundant.redundant,0.0015.0.004
4.1,C,Strict.HSS,redundant.redundant,0.0.007
1.4,D,HSS.HSS,redundant.redundant,0.0.0015
4.4,C,HSS.HSS,redundant.redundant,0.0427.0.1039
4.2,C,HSS.Intermediate,critical.redundant,0.0026.0.0094
3.2,C,HSS.HSS,redundant.redundant,0.0.0042
2.3,C,HSS.HSS,intermittent.redundant,0.0009.0.0036
4.4,D,HSS.HSS,redundant.redundant,0.0014.0.0025
1.4,D,HSS.HSS,intermittent.redundant,0.0.0215
4.4,C,HSS.HSS,intermittent.intermittent,0.0035.0.0043
4.1,C,HSS.HSS,intermittent.redundant,0.0.0009
2.4,C,HSS.HSS,redundant.redundant,0.0011.0.0018
4.3,C,HSS.HSS,redundant.redundant,0.006.0.0083
4.4,C,HSS.HSS,redundant.redundant,0.0012.0.0072
4.4,D,HSS.HSS,redundant.redundant,0.0022.0.0049
4.1,D,HSS.HSS,redundant.critical,0.0017.0.0148
1.4,D,HSS.HSS,redundant.redundant,0.0005.0.0605
3.4,C,HSS.HSS,redundant.redundant,0.0004.0.0074
4.2,D,HSS.HSS,redundant.redundant,0.0.0017
2.4,D,HSS.HSS,redundant.redundant,0.0013.0.0022
2.4,C,HSS.HSS,redundant.critical,0.0015.0.003
4.4,C,HSS.HSS,critical.redundant,0.0013.0.044
4.3,C,HSS.HSS,redundant.redundant,0.0.005
2.4,C,HSS.HSS,redundant.redundant,0.0073.0.0095
1.3,D,HSS.HSS,redundant.redundant,0.0055.0.009
4.3,C,HSS.HSS,intermittent.redundant,0.0009.0.0013
4.4,C,HSS.HSS,redundant.redundant,0.0016.0.003
4.4,C,HSS.HSS,redundant.redundant,0.0021.0.0048
4.4,C,HSS.HSS,redundant.intermittent,0.0007.0.0034
3.4,C,HSS.HSS,intermittent.redundant,0.0.0016
4.4,C,HSS.HSS,redundant.intermittent,0.0.001
4.4,C,HSS.HSS,redundant.redundant,0.0022.0.0279
1.4,C,HSS.Strict,redundant.redundant,0.0021.0.0033
4.2,D,HSS.HSS,redundant.redundant,0.0008.0.0185
4.3,C,HSS.HSS,redundant.intermittent,0.0.0007
4.4,C,HSS.HSS,redundant.redundant,0.0.0013
2.3,C,HSS.HSS,redundant.redundant,0.0.0024
4.4,C,HSS.HSS,redundant.redundant,0.0021.0.0044
4.3,D,HSS.HSS,redundant.redundant,0.0011.0.0012
3.1,C,HSS.HSS,redundant.redundant,0.002.0.004
4.3,D,HSS.HSS,redundant.redundant,0.0016.0.0348
4.4,C,HSS.HSS,redundant.redundant,0.0.0187
4.4,D,HSS.HSS,redundant.redundant,0.0116.0.0912
1.4,D,HSS.HSS,intermittent.redundant,0.0012.0.0025
4.1,C,HSS.HSS,redundant.redundant,0.0011.0.004
4.4,C,HSS.HSS,redundant.redundant,0.0007.0.0171
4.4,C,HSS.HSS,redundant.redundant,0.0023.0.0042
3.1,C,HSS.HSS,redundant.redundant,0.0.0116
4.4,C,HSS.HSS,intermittent.intermittent,0.0014.0.006
1.4,C,HSS.HSS,redundant.intermittent,0.0.0032
2.1,D,HSS.HSS,intermittent.redundant,0.0.007
4.4,C,HSS.HSS,intermittent.redundant,0.0013.0.0029
4.3,C,HSS.HSS,redundant.redundant,0.0.0026
4.4,D,HSS.HSS,redundant.redundant,0.0005.0.0018
4.4,C,HSS.HSS,redundant.redundant,0.0009.0.002
4.3,D,HSS.HSS,redundant.redundant,0.0072.0.0216
4.3,NA,HSS.HSS,redundant.intermittent,0.0015.0.0069
1.4,C,HSS.HSS,redundant.redundant,0.0024.0.0063
4.2,C,HSS.HSS,redundant.redundant,0.0.0014
3.4,C,HSS.HSS,critical.intermittent,0.0021.0.0024
4.4,C,HSS.HSS,redundant.redundant,0.0.0059
2.2,C,HSS.HSS,intermittent.intermittent,0.0009.0.0448
2.3,C,HSS.HSS,critical.intermittent,0.0038.0.036
2.4,D,HSS.HSS,redundant.intermittent,0.0014.0.0026
4.4,C,HSS.HSS,intermittent.intermittent,0.0077.0.0116
4.4,NA,HSS.HSS,redundant.redundant,0.0063.0.0279
4.4,D,HSS.Strict,redundant.redundant,0.0.0013
3.4,D,Strict.HSS,redundant.critical,0.0.0211
4.4,C,HSS.HSS,critical.redundant,0.0007.0.0009
4.4,C,HSS.HSS,intermittent.redundant,0.0049.0.0051
4.4,D,HSS.HSS,redundant.redundant,0.0055.0.0111
4.4,NA,HSS.HSS,redundant.redundant,0.002.0.0034
4.1,NA,HSS.HSS,redundant.redundant,0.0.0117
2.4,D,HSS.HSS,redundant.redundant,0.0084.0.0477
4.3,C,HSS.HSS,intermittent.intermittent,0.007.0.07
4.4,C,HSS.HSS,intermittent.redundant,0.0.0009
4.4,C,HSS.HSS,redundant.redundant,0.0022.0.0049
4.4,D,HSS.HSS,redundant.redundant,0.0.0015
4.4,C,HSS.HSS,redundant.redundant,0.001.0.008
4.4,C,HSS.HSS,redundant.redundant,0.0014.0.0019
1.4,D,HSS.HSS,redundant.intermittent,0.0018.0.0079
2.4,C,HSS.HSS,redundant.redundant,0.0006.0.0033
1.4,C,HSS.HSS,redundant.intermittent,0.0.0025
4.4,D,HSS.Strict,redundant.redundant,0.0.0013
1.4,C,HSS.HSS,redundant.redundant,0.0.0051
4.3,D,HSS.HSS,redundant.redundant,0.0025.0.0031
4.4,C,HSS.HSS,redundant.redundant,0.0015.0.0097
4.2,C,HSS.HSS,redundant.redundant,0.0.1047
1.4,C,HSS.HSS,redundant.redundant,0.0011.0.0201
2.3,NA,HSS.HSS,redundant.redundant,0.0008.0.0329
4.2,D,HSS.HSS,redundant.redundant,0.0018.0.1926
4.4,C,HSS.HSS,redundant.redundant,0.0007.0.0205
4.4,C,HSS.HSS,redundant.redundant,0.0007.0.0015
1.4,C,HSS.HSS,intermittent.redundant,0.001.0.0018
2.4,C,HSS.HSS,redundant.redundant,0.0009.0.0206
1.4,C,HSS.HSS,intermittent.redundant,0.0.0004
4.1,C,HSS.HSS,redundant.redundant,0.0014.0.0015
4.4,C,HSS.HSS,redundant.intermittent,0.0019.0.0035
2.2,C,HSS.HSS,redundant.redundant,0.0008.0.0027
4.4,C,HSS.HSS,redundant.intermittent,0.0018.0.0051
4.4,C,HSS.HSS,redundant.redundant,0.0.0087
4.4,D,HSS.HSS,redundant.redundant,0.0007.0.0011
4.4,D,HSS.HSS,redundant.redundant,0.0009.0.022
3.1,C,HSS.HSS,redundant.redundant,0.0.0136
4.4,D,HSS.HSS,redundant.redundant,0.0008.0.0015
3.3,C,HSS.HSS,critical.redundant,0.0017.0.0042
4.1,D,HSS.HSS,intermittent.redundant,0.0024.0.0274
4.4,C,HSS.HSS,intermittent.redundant,0.0.002
3.4,D,HSS.HSS,redundant.redundant,0.0014.0.0016
4.1,C,HSS.HSS,redundant.redundant,0.0007.0.0015
4.4,C,HSS.HSS,redundant.redundant,0.0.0034
4.4,C,HSS.HSS,redundant.redundant,0.0.0007
2.3,D,Strict.HSS,redundant.intermittent,0.0043.0.0175
4.2,C,HSS.HSS,redundant.redundant,0.0008.0.0049
3.4,C,HSS.HSS,redundant.redundant,0.0023.0.0136
4.2,D,HSS.HSS,redundant.intermittent,0.0008.0.0027
4.2,D,HSS.HSS,redundant.intermittent,0.0014.0.009
1.4,NA,HSS.HSS,redundant.redundant,0.0011.0.0127
4.4,D,HSS.HSS,redundant.redundant,0.0026.0.0033
4.4,C,HSS.HSS,intermittent.intermittent,0.0041.0.0043
4.4,C,HSS.HSS,redundant.redundant,0.0019.0.0032
4.4,D,HSS.HSS,intermittent.redundant,0.0.0011
1.4,C,HSS.HSS,redundant.redundant,0.0023.0.0058
4.4,C,HSS.HSS,intermittent.redundant,0.0.0027
2.1,C,HSS.HSS,redundant.intermittent,0.0.0138
4.3,C,HSS.HSS,intermittent.intermittent,0.0011.0.0245
3.3,C,HSS.HSS,redundant.redundant,0.0003.0.0011
2.3,D,HSS.HSS,redundant.critical,0.0006.0.0133
3.4,C,HSS.HSS,redundant.redundant,0.0023.0.1571
4.3,D,Intermediate.HSS,redundant.critical,0.0057.0.0108
4.2,D,HSS.HSS,intermittent.redundant,0.0.0011
2.4,C,HSS.HSS,redundant.redundant,0.0025.0.0062
4.2,D,HSS.HSS,redundant.redundant,0.0.0108
4.2,D,HSS.HSS,redundant.intermittent,0.0.0005
4.4,D,HSS.HSS,intermittent.redundant,0.0.0007
3.2,C,HSS.HSS,redundant.redundant,0.0025.0.0062
4.3,D,HSS.HSS,redundant.intermittent,0.0016.0.0175
4.1,NA,HSS.HSS,redundant.redundant,0.0005.0.0012
4.3,C,HSS.HSS,intermittent.intermittent,0.0013.0.0278
4.4,D,HSS.HSS,intermittent.redundant,0.0119.0.0291
4.4,D,HSS.HSS,redundant.redundant,0.0.0172
4.4,D,Strict.HSS,redundant.redundant,0.0005.0.001
4.4,D,HSS.HSS,redundant.redundant,0.0043.0.0057
4.4,D,HSS.HSS,redundant.redundant,0.0013.0.0049
3.1,D,HSS.HSS,intermittent.redundant,0.0021.0.0027
1.1,D,HSS.HSS,redundant.critical,0.0.001
2.4,C,HSS.HSS,intermittent.redundant,0.0006.0.0191
4.1,C,HSS.HSS,redundant.redundant,0.0.0007
4.4,C,HSS.HSS,redundant.redundant,0.0088.0.0266
4.4,D,HSS.HSS,redundant.intermittent,0.0.0063
4.4,C,HSS.HSS,redundant.redundant,0.0012.0.2063
4.4,C,HSS.HSS,redundant.redundant,0.0.0135
3.4,C,HSS.HSS,redundant.redundant,0.0.0027
4.2,C,HSS.HSS,redundant.redundant,0.0.003
2.4,D,HSS.HSS,critical.redundant,0.0.002
3.4,C,HSS.HSS,redundant.intermittent,0.0005.0.0016
1.1,C,HSS.HSS,redundant.redundant,0.0.0004
2.3,C,HSS.HSS,intermittent.intermittent,0.0006.0.0024
3.4,D,HSS.HSS,critical.redundant,0.0005.0.0011
4.4,D,HSS.HSS,redundant.intermittent,0.0077.0.0226
4.4,D,HSS.HSS,redundant.redundant,0.0.0035
3.4,D,HSS.HSS,intermittent.redundant,0.0017.0.0043
4.4,C,Strict.HSS,redundant.intermittent,0.0011.0.0014
4.4,D,HSS.HSS,intermittent.intermittent,0.0.0004
4.4,C,HSS.HSS,redundant.redundant,0.0025.0.0107
4.3,D,HSS.HSS,redundant.redundant,0.0013.0.002
4.4,D,HSS.HSS,redundant.redundant,0.0.0106
4.4,C,HSS.HSS,redundant.redundant,0.0.0041
4.4,C,HSS.HSS,redundant.redundant,0.0007.0.0008
4.4,NA,HSS.HSS,redundant.redundant,0.0023.0.0158
4.4,C,HSS.HSS,redundant.intermittent,0.0018.0.0522
4.4,D,HSS.HSS,redundant.redundant,0.0005.0.0008
4.4,C,HSS.HSS,redundant.redundant,0.0047.0.0079
4.4,C,HSS.HSS,intermittent.redundant,0.0.0017
4.3,C,HSS.HSS,redundant.intermittent,0.0011.0.0082
4.2,D,HSS.HSS,redundant.redundant,0.0.0017
4.4,D,HSS.HSS,intermittent.redundant,0.0.0839
4.2,C,HSS.HSS,redundant.redundant,0.0007.0.0075
4.3,D,HSS.HSS,redundant.intermittent,0.0024.0.0266
2.3,C,HSS.HSS,redundant.redundant,0.0005.0.0013
3.4,C,Strict.Strict,redundant.redundant,0.0009.0.0025
2.4,C,HSS.HSS,redundant.redundant,0.0.0005
4.4,C,HSS.HSS,redundant.redundant,0.0036.0.0094
4.1,C,HSS.HSS,redundant.redundant,0.0009.0.0227
4.4,C,HSS.HSS,redundant.redundant,0.0084.0.027
4.3,D,HSS.HSS,critical.critical,0.0017.0.0445
4.4,C,HSS.HSS,redundant.redundant,0.0.0015
1.2,C,HSS.HSS,intermittent.redundant,0.0.0029
2.2,D,Strict.HSS,redundant.intermittent,0.0079.0.0222
4.4,C,HSS.HSS,intermittent.redundant,0.0.0012
4.2,C,HSS.HSS,redundant.redundant,0.0017.0.0077
4.2,C,HSS.HSS,intermittent.redundant,0.0002.0.0264
1.4,C,HSS.HSS,redundant.intermittent,0.0.0079
4.4,C,HSS.HSS,redundant.redundant,0.0014.0.006
4.2,C,HSS.HSS,redundant.redundant,0.0.0009
3.4,D,HSS.HSS,intermittent.redundant,0.0.0525
4.4,C,HSS.HSS,redundant.redundant,0.0023.0.0944
2.4,C,HSS.HSS,intermittent.redundant,0.0006.0.0009
2.4,D,HSS.HSS,redundant.redundant,0.0011.0.0019
1.4,C,HSS.HSS,redundant.redundant,0.0018.0.0257
1.3,C,HSS.HSS,intermittent.redundant,0.0.0029
4.4,C,HSS.HSS,redundant.redundant,0.0.0024
4.1,NA,HSS.HSS,redundant.redundant,0.0023.0.0347
3.4,C,HSS.HSS,redundant.redundant,0.0.0005
4.4,C,HSS.HSS,intermittent.redundant,0.0008.0.004
2.2,C,HSS.HSS,intermittent.redundant,0.0.0025
1.4,D,HSS.HSS,redundant.redundant,0.0008.0.0016
4.4,C,HSS.HSS,redundant.redundant,0.0.0035
2.4,C,Intermediate.HSS,redundant.intermittent,0.0.0012
4.4,D,HSS.HSS,redundant.redundant,0.0006.0.0015
4.2,C,HSS.HSS,redundant.redundant,0.0012.0.0016
3.4,D,HSS.HSS,redundant.redundant,0.0.0091
3.2,C,HSS.HSS,intermittent.redundant,0.0047.0.0239
4.2,C,HSS.HSS,redundant.redundant,0.0009.0.0038
4.4,C,HSS.HSS,redundant.redundant,0.0011.0.0042
4.4,D,HSS.HSS,redundant.intermittent,0.0005.0.001
4.1,D,HSS.HSS,redundant.intermittent,0.0011.0.0075
4.4,D,HSS.HSS,redundant.intermittent,0.0047.0.0052
4.1,C,HSS.HSS,redundant.intermittent,0.0007.0.0008
4.1,C,HSS.HSS,intermittent.redundant,0.0011.0.006
2.4,C,HSS.HSS,redundant.intermittent,0.0.0057
1.4,C,HSS.HSS,critical.intermittent,0.0.0047
4.4,C,HSS.Intermediate,redundant.redundant,0.0.0031
2.4,D,HSS.HSS,redundant.redundant,0.0039.0.0191
1.1,C,HSS.Strict,redundant.redundant,0.0032.0.0167
4.4,D,HSS.Intermediate,redundant.redundant,0.0004.0.0123
3.2,D,HSS.HSS,critical.redundant,0.0.05
4.4,D,HSS.HSS,intermittent.redundant,0.0013.0.0026
4.4,D,HSS.HSS,redundant.intermittent,0.0012.0.0501
4.4,D,HSS.HSS,redundant.redundant,0.0039.0.0328
4.4,D,HSS.HSS,redundant.redundant,0.0.0014
4.4,D,HSS.Intermediate,redundant.redundant,0.0015.0.0123
4.4,C,HSS.HSS,redundant.redundant,0.0.001
3.4,C,HSS.HSS,redundant.redundant,0.0.0006
4.4,D,HSS.HSS,redundant.redundant,0.0149.0.2
4.4,C,HSS.HSS,redundant.redundant,0.0022.0.0055
2.4,D,HSS.HSS,redundant.redundant,0.0.0011
4.3,C,HSS.HSS,redundant.redundant,0.0013.0.0022
4.4,C,HSS.Strict,redundant.redundant,0.0007.0.0029
4.1,D,HSS.HSS,redundant.redundant,0.0021.0.0031
4.4,C,HSS.HSS,redundant.redundant,0.0043.0.0095
2.4,D,HSS.HSS,redundant.redundant,0.0014.0.0033
4.4,C,HSS.HSS,redundant.redundant,0.0062.0.0212
3.3,D,HSS.HSS,redundant.redundant,0.0064.0.016
4.1,C,HSS.HSS,redundant.redundant,0.0006.0.0162
3.1,D,HSS.HSS,redundant.redundant,0.0029.0.0092
4.3,C,HSS.HSS,redundant.redundant,0.0017.0.0078
2.4,C,HSS.HSS,redundant.redundant,0.0.0016
4.4,D,HSS.HSS,redundant.redundant,0.0.0029
1.4,C,HSS.HSS,redundant.redundant,0.0025.0.0049
4.4,C,HSS.HSS,critical.redundant,0.0018.0.0087
3.4,C,HSS.HSS,redundant.intermittent,0.0.003
3.1,D,HSS.HSS,redundant.redundant,0.0055.0.0092
4.4,C,Intermediate.HSS,redundant.redundant,0.0145.0.0944
4.2,D,HSS.HSS,redundant.intermittent,0.0021.0.0026
3.1,D,HSS.HSS,redundant.redundant,0.0018.0.0136
4.4,D,HSS.HSS,redundant.redundant,0.0011.0.0839
4.4,C,HSS.HSS,redundant.redundant,0.0008.0.0048
2.3,C,HSS.HSS,intermittent.redundant,0.0018.0.0026
3.1,D,HSS.HSS,critical.critical,0.0.001
3.4,D,HSS.HSS,redundant.redundant,0.0.0007
4.4,C,HSS.HSS,redundant.redundant,0.0032.0.0332
4.4,C,HSS.Intermediate,redundant.intermittent,0.0023.0.0033
4.4,C,HSS.HSS,intermittent.intermittent,0.0013.0.0034
2.4,D,HSS.HSS,redundant.intermittent,0.0051.0.0062
4.1,C,HSS.HSS,redundant.redundant,0.0.0009
4.4,D,Strict.HSS,redundant.redundant,0.0005.0.0027
4.2,D,HSS.HSS,intermittent.redundant,0.0064.0.1926
3.4,D,HSS.HSS,intermittent.intermittent,0.0015.0.0286
1.4,D,HSS.HSS,redundant.redundant,0.0031.0.0043
4.4,C,HSS.HSS,intermittent.redundant,0.0012.0.0136
4.4,D,HSS.HSS,redundant.redundant,0.0017.0.0026
4.4,C,HSS.HSS,redundant.intermittent,0.0005.0.0034
4.1,D,Strict.HSS,redundant.redundant,0.0005.0.0006
4.1,C,HSS.HSS,redundant.redundant,0.0013.0.0015
4.1,C,HSS.HSS,redundant.redundant,0.0026.0.0058
4.4,D,HSS.HSS,redundant.redundant,0.0034.0.004
4.4,C,HSS.HSS,redundant.redundant,0.0019.0.006
2.4,C,HSS.HSS,redundant.redundant,0.0.001
4.4,D,HSS.HSS,redundant.redundant,0.002.0.0041
4.4,C,HSS.HSS,redundant.intermittent,0.0.0042
4.1,C,HSS.HSS,redundant.redundant,0.0.0008
4.1,C,HSS.HSS,critical.redundant,0.0018.0.0108
4.1,D,HSS.HSS,intermittent.redundant,0.0033.0.0092
4.4,D,HSS.HSS,intermittent.redundant,0.0016.0.0054
3.4,C,HSS.HSS,critical.intermittent,0.0006.0.0041
4.4,D,HSS.HSS,redundant.redundant,0.0077.0.012
4.4,C,HSS.HSS,redundant.intermittent,0.0.0032
4.4,C,HSS.HSS,intermittent.intermittent,0.0008.0.0027
4.4,C,HSS.HSS,redundant.redundant,0.0.0867
4.4,NA,HSS.HSS,intermittent.redundant,0.0.0158
4.2,D,HSS.HSS,intermittent.intermittent,0.0008.0.0009
4.4,D,HSS.HSS,redundant.critical,0.0.0006
4.2,C,HSS.HSS,redundant.redundant,0.0039.0.0045
4.4,D,HSS.Strict,critical.redundant,0.0.0008
4.4,C,HSS.HSS,intermittent.redundant,0.0.0023
4.2,D,HSS.HSS,redundant.redundant,0.0006.0.001
4.4,C,HSS.HSS,redundant.intermittent,0.0005.0.0016
4.3,C,HSS.HSS,redundant.redundant,0.0012.0.0014
4.4,D,HSS.HSS,critical.redundant,0.0007.0.022
3.4,C,HSS.Strict,intermittent.redundant,0.0.0086
4.3,D,HSS.HSS,redundant.redundant,0.0041.0.0757
1.1,D,HSS.HSS,redundant.redundant,0.002.0.0369
4.4,C,Intermediate.HSS,redundant.redundant,0.0009.0.0037
2.4,C,HSS.HSS,redundant.redundant,0.0021.0.0027
4.4,D,HSS.HSS,redundant.intermittent,0.0027.0.0072
3.1,D,HSS.HSS,redundant.redundant,0.0.0012
3.2,C,HSS.HSS,intermittent.intermittent,0.0008.0.003
4.4,D,HSS.HSS,redundant.redundant,0.001.0.0372
4.1,D,HSS.HSS,redundant.critical,0.0.0016
4.2,C,HSS.HSS,redundant.intermittent,0.0036.0.0135
3.4,C,HSS.HSS,redundant.redundant,0.0034.0.0135
4.4,D,HSS.HSS,redundant.redundant,0.0.0009
4.1,C,HSS.HSS,redundant.redundant,0.0.0022
2.4,C,HSS.HSS,redundant.redundant,0.0003.0.0501
2.2,D,HSS.HSS,redundant.redundant,0.0034.0.0075
4.4,C,HSS.HSS,redundant.intermittent,0.0224.0.0278
4.1,C,HSS.HSS,redundant.redundant,0.0087.0.0108
1.1,D,HSS.HSS,redundant.redundant,0.0.001
4.4,D,HSS.HSS,redundant.redundant,0.0062.0.0191
4.4,C,HSS.HSS,redundant.redundant,0.0015.0.002
4.4,D,HSS.HSS,redundant.redundant,0.0.0008
4.2,D,HSS.HSS,redundant.redundant,0.0.0013
4.4,C,Intermediate.HSS,redundant.redundant,0.0013.0.0142
4.2,C,HSS.HSS,redundant.redundant,0.0026.0.023
3.4,C,HSS.HSS,redundant.intermittent,0.0005.0.0034
1.1,D,HSS.HSS,redundant.redundant,0.001.0.005
4.1,D,HSS.HSS,redundant.critical,0.0014.0.0148
4.2,C,HSS.HSS,redundant.redundant,0.0016.0.0019
4.4,D,HSS.HSS,intermittent.redundant,0.0013.0.02
4.4,D,HSS.HSS,redundant.redundant,0.0004.0.0605
4.4,C,HSS.HSS,redundant.redundant,0.0.0088
4.1,C,HSS.HSS,intermittent.redundant,0.0046.0.0097
4.1,D,HSS.HSS,redundant.redundant,0.0009.0.0028
4.4,C,HSS.HSS,redundant.redundant,0.0.0015
4.1,C,HSS.HSS,intermittent.redundant,0.0009.0.0014
2.4,D,HSS.HSS,redundant.redundant,0.002.0.0329
3.4,D,HSS.Strict,redundant.redundant,0.0.0008
2.4,C,HSS.HSS,redundant.redundant,0.0008.0.0059
4.2,C,HSS.HSS,redundant.intermittent,0.0022.0.0023
2.4,D,HSS.HSS,redundant.redundant,0.0162.0.0245
4.4,C,HSS.HSS,redundant.redundant,0.0007.0.0057
4.4,C,HSS.HSS,redundant.redundant,0.0.002
4.2,C,Intermediate.HSS,intermittent.redundant,0.0.0022
4.2,D,HSS.HSS,redundant.redundant,0.0.0016
4.4,C,HSS.HSS,redundant.redundant,0.002.0.0028
2.4,C,HSS.HSS,redundant.intermittent,0.0037.0.0105
4.4,C,HSS.HSS,redundant.redundant,0.0017.0.0127
4.3,D,HSS.HSS,redundant.redundant,0.0.0009
4.3,C,HSS.HSS,redundant.redundant,0.001.0.0031
4.4,C,HSS.HSS,redundant.redundant,0.0.0048
4.2,C,HSS.HSS,redundant.redundant,0.0.0016
2.4,C,HSS.HSS,redundant.intermittent,0.0117.0.0278
4.4,C,HSS.HSS,redundant.redundant,0.0004.0.0008
4.4,C,HSS.HSS,redundant.redundant,0.0004.0.0024
2.2,D,HSS.HSS,redundant.redundant,0.0002.0.003
3.2,C,HSS.HSS,redundant.redundant,0.0.0029
4.4,C,HSS.HSS,intermittent.critical,0.0076.0.0365
2.4,C,HSS.HSS,redundant.redundant,0.0008.0.0102
4.1,D,HSS.HSS,intermittent.critical,0.0.0016
4.4,C,HSS.HSS,redundant.intermittent,0.0033.0.0198
4.4,C,HSS.HSS,redundant.redundant,0.001.0.0037
4.4,D,HSS.HSS,intermittent.redundant,0.0029.0.0058
4.2,D,HSS.HSS,critical.redundant,0.0018.0.0196
4.4,D,HSS.HSS,redundant.redundant,0.0021.0.1136
4.4,C,HSS.HSS,redundant.redundant,0.0012.0.0025
2.4,D,HSS.HSS,redundant.critical,0.0.0018
2.4,C,HSS.Strict,redundant.redundant,0.0012.0.0078
3.4,D,HSS.HSS,intermittent.redundant,0.0037.0.0081
4.4,D,HSS.HSS,redundant.redundant,0.0017.0.0052
4.3,C,HSS.HSS,redundant.intermittent,0.0.0017
4.2,D,Strict.Strict,redundant.redundant,0.0013.0.0016
4.4,D,HSS.HSS,redundant.intermittent,0.0025.0.0032
3.4,D,HSS.HSS,redundant.redundant,0.0018.0.0026
3.4,D,HSS.HSS,intermittent.redundant,0.0.0015
4.4,C,HSS.HSS,redundant.redundant,0.0045.0.0053
4.4,D,HSS.HSS,redundant.redundant,0.0.0062
4.4,D,Strict.HSS,redundant.redundant,0.0.0017
4.3,C,HSS.HSS,redundant.redundant,0.0007.0.0015
3.3,C,HSS.HSS,redundant.intermittent,0.0004.0.0016
1.2,C,HSS.HSS,redundant.redundant,0.0014.0.0036
4.3,C,HSS.HSS,redundant.redundant,0.0.003
1.4,D,HSS.HSS,redundant.intermittent,0.0029.0.0049
3.4,C,HSS.HSS,redundant.redundant,0.0032.0.0089
4.4,D,HSS.HSS,redundant.redundant,0.0061.0.0086
4.1,D,HSS.HSS,redundant.redundant,0.0.0373
4.4,D,HSS.Strict,redundant.redundant,0.0022.0.0033
4.4,C,HSS.HSS,redundant.intermittent,0.0038.0.0099
4.2,D,HSS.HSS,intermittent.redundant,0.0032.0.004
4.4,D,HSS.Strict,redundant.intermittent,0.0.0013
4.4,C,HSS.HSS,redundant.intermittent,0.001.0.0286
4.4,C,HSS.HSS,redundant.redundant,0.0029.0.1039
3.4,D,HSS.HSS,intermittent.redundant,0.0.002
4.4,C,HSS.HSS,intermittent.redundant,0.0002.0.0132
2.4,C,HSS.HSS,redundant.intermittent,0.0004.0.0337
4.4,C,HSS.HSS,redundant.redundant,0.0.0021
3.1,C,HSS.HSS,critical.redundant,0.0008.0.0068
4.1,C,HSS.HSS,redundant.redundant,0.0.006
2.3,C,Strict.HSS,redundant.redundant,0.0008.0.0063
4.2,C,HSS.HSS,redundant.redundant,0.0027.0.0034
3.4,C,HSS.HSS,critical.redundant,0.0.1713
4.4,C,HSS.HSS,redundant.redundant,0.0006.0.0011
4.4,C,HSS.HSS,redundant.redundant,0.0009.0.002
4.4,D,HSS.HSS,redundant.redundant,0.0.0012
4.4,C,HSS.HSS,intermittent.intermittent,0.0005.0.0009
4.4,C,HSS.HSS,redundant.critical,0.0.0005
2.4,C,HSS.HSS,redundant.intermittent,0.0045.0.1179
4.4,D,HSS.HSS,redundant.redundant,0.0028.0.0038
4.4,C,HSS.HSS,intermittent.redundant,0.0009.0.0021
2.3,D,HSS.HSS,redundant.redundant,0.0.0014
4.4,C,HSS.HSS,redundant.redundant,0.0006.0.0081
2.3,C,HSS.Strict,redundant.redundant,0.0.0017
4.4,C,HSS.HSS,redundant.redundant,0.0143.0.0159
1.4,C,HSS.HSS,redundant.redundant,0.0021.0.0082
4.4,C,HSS.HSS,redundant.redundant,0.0004.0.0062
4.4,C,HSS.HSS,redundant.redundant,0.0.0114
4.4,D,HSS.HSS,redundant.redundant,0.0.0016
4.4,D,HSS.HSS,redundant.redundant,0.0.0037
3.1,D,HSS.HSS,redundant.critical,0.0.0043
4.3,D,HSS.HSS,redundant.redundant,0.0022.0.0063
4.1,D,HSS.HSS,redundant.redundant,0.0046.0.067
2.4,C,HSS.HSS,critical.redundant,0.0016.0.0052
2.4,C,HSS.HSS,redundant.redundant,0.0.0025
3.3,C,HSS.HSS,intermittent.redundant,0.0.1829
2.3,C,HSS.HSS,redundant.intermittent,0.0.1094
4.4,D,HSS.HSS,redundant.redundant,0.0005.0.0006
2.1,C,HSS.HSS,intermittent.intermittent,0.0022.0.0053
4.1,C,HSS.HSS,redundant.redundant,0.0.0004
1.2,C,HSS.HSS,redundant.intermittent,0.0.0417
4.2,D,HSS.HSS,redundant.redundant,0.0.0109
4.3,C,Strict.HSS,intermittent.redundant,0.0009.0.0032
4.4,C,HSS.Intermediate,redundant.redundant,0.0034.0.0303
1.4,C,Strict.HSS,redundant.redundant,0.0032.0.0044
4.4,D,HSS.HSS,redundant.redundant,0.0.0009
2.4,D,Intermediate.HSS,redundant.redundant,0.0.0009
4.4,D,HSS.HSS,redundant.redundant,0.0.0007
4.4,C,HSS.HSS,redundant.intermittent,0.0009.0.0232
4.4,C,HSS.HSS,redundant.redundant,0.0018.0.0027
4.4,C,HSS.HSS,redundant.redundant,0.0.0007
1.4,D,HSS.HSS,redundant.redundant,0.0025.0.0161
4.4,C,HSS.HSS,redundant.redundant,0.001.0.0029
4.4,C,HSS.HSS,redundant.redundant,0.002.0.0029
4.4,C,HSS.HSS,redundant.redundant,0.0.0026
1.1,C,HSS.HSS,redundant.redundant,0.001.0.002
4.2,D,HSS.HSS,intermittent.redundant,0.0189.0.0208
4.4,C,HSS.HSS,redundant.redundant,0.0017.0.0039
4.4,D,HSS.HSS,redundant.redundant,0.0014.0.0065
4.1,D,HSS.HSS,intermittent.redundant,0.0003.0.0004
4.4,C,HSS.HSS,redundant.intermittent,0.0009.0.0099
4.4,C,HSS.HSS,intermittent.redundant,0.0014.0.0179
3.4,C,Strict.HSS,redundant.redundant,0.0067.0.0085
3.4,D,HSS.HSS,critical.redundant,0.0008.0.002
4.4,C,HSS.HSS,intermittent.intermittent,0.0016.0.0034
4.2,C,HSS.HSS,critical.intermittent,0.0.0024
3.4,C,HSS.HSS,redundant.redundant,0.0027.0.0039
2.4,C,HSS.HSS,redundant.critical,0.0013.0.1235
3.4,C,HSS.HSS,redundant.intermittent,0.0003.0.0004
1.4,C,HSS.HSS,redundant.redundant,0.0006.0.0012
4.4,D,HSS.HSS,redundant.redundant,0.0024.0.0045
3.4,D,HSS.Intermediate,redundant.redundant,0.0191.0.0374
4.4,C,HSS.HSS,redundant.redundant,0.0006.0.0038
4.4,C,HSS.HSS,redundant.redundant,0.0008.0.0015
4.2,C,HSS.HSS,intermittent.redundant,0.0008.0.0062
4.1,D,Intermediate.HSS,redundant.redundant,0.0015.0.0025
1.3,C,HSS.HSS,redundant.redundant,0.0006.0.0012
2.4,C,HSS.HSS,redundant.redundant,0.0012.0.0032
3.4,C,HSS.HSS,critical.redundant,0.0012.0.0013
4.4,C,HSS.HSS,redundant.redundant,0.0005.0.0008
2.2,C,HSS.HSS,redundant.redundant,0.0013.0.0177
2.3,C,HSS.HSS,redundant.redundant,0.0027.0.0042
4.4,D,HSS.HSS,redundant.redundant,0.0044.0.0095
4.4,C,HSS.HSS,redundant.redundant,0.0.0037
4.4,D,HSS.HSS,redundant.redundant,0.0.0468
4.4,C,HSS.HSS,critical.redundant,0.0039.0.0395
4.4,C,HSS.HSS,redundant.redundant,0.0037.0.0468
4.2,C,HSS.HSS,redundant.redundant,0.0007.0.0011
4.4,D,Strict.HSS,redundant.redundant,0.0.0022
4.4,D,HSS.HSS,redundant.redundant,0.0044.0.0061
1.4,C,HSS.HSS,redundant.redundant,0.0011.0.011
2.4,C,HSS.HSS,redundant.redundant,0.0.0126
4.4,C,HSS.HSS,redundant.intermittent,0.0053.0.0331
4.4,C,HSS.HSS,redundant.redundant,0.0053.0.0307
3.4,C,HSS.HSS,intermittent.intermittent,0.003.0.0039
4.2,C,HSS.HSS,redundant.redundant,0.0031.0.0073
4.4,C,HSS.HSS,redundant.intermittent,0.0031.0.0059
4.3,C,HSS.HSS,intermittent.critical,0.0016.0.0055
4.4,D,HSS.HSS,intermittent.intermittent,0.0009.0.0014
4.1,D,HSS.HSS,redundant.redundant,0.0012.0.0741
4.4,C,HSS.Intermediate,intermittent.redundant,0.0037.0.0073
4.4,D,HSS.HSS,redundant.intermittent,0.0021.0.0049
4.2,D,Intermediate.HSS,redundant.redundant,0.0057.0.0511
2.4,D,HSS.HSS,redundant.redundant,0.0063.0.0082
4.1,C,HSS.HSS,redundant.redundant,0.0016.0.007
4.4,C,HSS.HSS,redundant.intermittent,0.0006.0.0204
3.4,C,HSS.Intermediate,redundant.redundant,0.0023.0.0229
4.4,D,HSS.HSS,redundant.redundant,0.0.0012
4.4,D,HSS.HSS,redundant.intermittent,0.0016.0.0018
4.4,C,HSS.HSS,redundant.redundant,0.0.0057
4.3,C,HSS.HSS,redundant.redundant,0.0.0078
1.4,D,HSS.HSS,redundant.redundant,0.0023.0.0059
3.3,C,Strict.HSS,redundant.redundant,0.0009.0.0014
3.2,C,HSS.HSS,redundant.redundant,0.002.0.0025
1.1,C,HSS.HSS,redundant.redundant,0.0035.0.0095
4.4,C,HSS.HSS,redundant.redundant,0.0023.0.0025
2.4,C,HSS.HSS,redundant.redundant,0.0.0012
4.3,C,HSS.HSS,intermittent.redundant,0.0063.0.0105
4.2,C,HSS.HSS,redundant.redundant,0.0012.0.0048
4.2,C,HSS.HSS,redundant.redundant,0.0014.0.0047
4.3,D,HSS.HSS,redundant.critical,0.0005.0.0016
4.3,D,HSS.HSS,redundant.redundant,0.0.0105
4.4,C,HSS.HSS,intermittent.intermittent,0.0013.0.0046
3.1,D,HSS.HSS,redundant.redundant,0.0.0031
4.4,C,HSS.HSS,redundant.redundant,0.0043.0.0111
4.4,C,HSS.HSS,intermittent.intermittent,0.0.0246
4.4,C,HSS.HSS,redundant.redundant,0.0.0033
1.2,C,HSS.HSS,intermittent.redundant,0.0.0027
4.3,C,HSS.HSS,redundant.redundant,0.0005.0.0034
2.4,D,HSS.HSS,redundant.redundant,0.0065.0.0115
4.4,C,Intermediate.HSS,intermittent.redundant,0.0088.0.0161
2.4,C,HSS.HSS,redundant.redundant,0.0.0069
4.4,D,Intermediate.HSS,redundant.redundant,0.002.0.0164
4.1,D,HSS.HSS,redundant.redundant,0.0055.0.0091
4.3,D,HSS.HSS,redundant.redundant,0.0015.0.0038
3.2,C,HSS.Strict,redundant.redundant,0.003.0.0043
4.1,D,HSS.HSS,intermittent.redundant,0.0.0347
4.4,C,HSS.HSS,redundant.redundant,0.003.0.0944
4.4,C,HSS.HSS,critical.redundant,0.0094.0.013
4.1,C,HSS.HSS,redundant.redundant,0.0016.0.0095
4.2,D,HSS.HSS,redundant.redundant,0.0008.0.0017
4.2,D,HSS.HSS,intermittent.redundant,0.0027.0.0029
4.4,D,HSS.HSS,intermittent.intermittent,0.0246.0.0272
4.4,C,HSS.HSS,redundant.redundant,0.0.0035
4.4,C,HSS.HSS,redundant.redundant,0.0106.0.0239
4.4,D,HSS.HSS,redundant.redundant,0.0024.0.0037
2.4,D,HSS.HSS,redundant.intermittent,0.0019.0.0036
4.4,C,HSS.HSS,intermittent.redundant,0.0022.0.0033
4.1,D,Intermediate.HSS,redundant.redundant,0.0047.0.0097
4.4,D,HSS.HSS,critical.redundant,0.0.0047
4.2,C,HSS.HSS,redundant.redundant,0.0.003
4.4,D,HSS.HSS,redundant.redundant,0.0.0912
2.2,NA,HSS.Strict,redundant.redundant,0.0.0043
4.4,C,HSS.HSS,redundant.redundant,0.0036.0.0079
2.4,D,HSS.HSS,redundant.redundant,0.0028.0.0248
4.4,C,HSS.HSS,redundant.redundant,0.0035.0.0056
3.4,C,HSS.HSS,redundant.redundant,0.0.1283
4.4,C,HSS.HSS,redundant.redundant,0.0013.0.006
4.2,C,HSS.HSS,redundant.intermittent,0.0058.0.0142
2.1,D,HSS.HSS,redundant.redundant,0.0.0278
4.1,C,HSS.HSS,redundant.intermittent,0.0011.0.007
4.4,D,HSS.HSS,redundant.intermittent,0.0.0226
4.1,D,HSS.HSS,redundant.redundant,0.0018.0.0021
1.3,C,HSS.HSS,redundant.intermittent,0.001.0.0044
4.1,C,HSS.HSS,redundant.critical,0.0016.0.0498
4.4,C,HSS.HSS,redundant.redundant,0.0007.0.0025
4.4,D,HSS.HSS,redundant.redundant,0.0443.0.0726
4.4,D,HSS.Strict,intermittent.intermittent,0.0035.0.0075
1.4,C,HSS.HSS,redundant.redundant,0.0011.0.0086
3.1,C,HSS.HSS,redundant.intermittent,0.0046.0.0102
4.4,C,HSS.HSS,redundant.redundant,0.0.0026
4.4,C,HSS.HSS,redundant.redundant,0.0026.0.0027
2.1,NA,HSS.HSS,redundant.redundant,0.0014.0.006
4.4,C,HSS.HSS,redundant.redundant,0.0.0105
4.4,D,HSS.HSS,redundant.intermittent,0.0039.0.0042
4.4,D,HSS.HSS,redundant.critical,0.0043.0.0094
4.4,S,HSS.Strict,redundant.intermittent,0.0058.0.0075
1.4,C,HSS.HSS,intermittent.intermittent,0.0.0036
3.4,C,HSS.HSS,intermittent.redundant,0.0.0039
2.2,NA,HSS.HSS,redundant.intermittent,0.0018.0.0033
2.4,D,HSS.HSS,redundant.redundant,0.0036.0.0122
4.4,C,HSS.HSS,redundant.redundant,0.0016.0.0038
4.4,D,HSS.HSS,redundant.redundant,0.0048.0.0051
4.1,C,HSS.HSS,intermittent.redundant,0.0013.0.0035
4.2,D,HSS.HSS,intermittent.critical,0.0036.0.0096
4.4,C,HSS.HSS,redundant.redundant,0.0027.0.0048
4.4,D,HSS.HSS,redundant.redundant,0.0012.0.0018
1.4,C,Strict.HSS,intermittent.redundant,0.0016.0.0143
4.4,C,HSS.HSS,intermittent.intermittent,0.0021.0.0337
3.4,C,HSS.HSS,redundant.redundant,0.0.038
4.4,C,HSS.HSS,redundant.redundant,0.0.003
4.4,C,HSS.HSS,redundant.redundant,0.0033.0.0191
2.4,C,HSS.HSS,redundant.intermittent,0.0004.0.0021
4.4,D,HSS.HSS,redundant.redundant,0.0195.0.0465
1.4,D,HSS.HSS,redundant.redundant,0.0.0023
4.4,C,HSS.HSS,redundant.redundant,0.0006.0.0259
4.4,C,HSS.HSS,intermittent.redundant,0.004.0.1721
4.4,D,HSS.Strict,redundant.redundant,0.0005.0.0028
3.2,C,HSS.HSS,intermittent.redundant,0.0.0016
4.4,D,HSS.HSS,redundant.redundant,0.0018.0.0039
1.4,C,HSS.HSS,redundant.redundant,0.0021.0.0179
3.1,C,HSS.HSS,redundant.redundant,0.0.0007
4.3,C,HSS.HSS,redundant.redundant,0.0.007
3.4,C,HSS.HSS,redundant.intermittent,0.0028.0.0212
4.3,D,HSS.HSS,redundant.redundant,0.0.007
4.4,C,HSS.HSS,redundant.intermittent,0.0.0246
4.4,C,HSS.HSS,redundant.redundant,0.0.0058
4.4,D,HSS.HSS,redundant.intermittent,0.0048.0.0109
4.4,C,HSS.HSS,redundant.redundant,0.0.0077
2.3,D,HSS.HSS,redundant.redundant,0.0028.0.0046
2.4,NA,HSS.Strict,redundant.redundant,0.0.0054
1.4,C,HSS.HSS,redundant.redundant,0.0017.0.1721
2.1,C,HSS.HSS,redundant.intermittent,0.0.0015
2.4,C,Intermediate.HSS,redundant.redundant,0.0.0091
4.4,D,HSS.HSS,redundant.redundant,0.006.0.0253
1.3,D,HSS.HSS,intermittent.redundant,0.0039.0.0451
2.4,C,HSS.HSS,redundant.redundant,0.0.0044
4.4,C,HSS.HSS,redundant.redundant,0.0.0074
1.4,C,HSS.HSS,redundant.redundant,0.0016.0.003
4.4,NA,HSS.HSS,intermittent.redundant,0.0013.0.0055
4.4,C,HSS.HSS,redundant.redundant,0.0.0314
4.2,C,HSS.HSS,intermittent.intermittent,0.0014.0.046
1.4,C,HSS.HSS,intermittent.redundant,0.0.0043
4.2,D,HSS.HSS,intermittent.redundant,0.0.0025
3.3,C,HSS.Intermediate,redundant.intermittent,0.0086.0.1087
4.4,D,HSS.HSS,critical.redundant,0.0034.0.0053
2.4,D,HSS.HSS,redundant.redundant,0.0011.0.0069
4.4,D,HSS.HSS,redundant.intermittent,0.0035.0.0109
2.1,NA,HSS.Strict,redundant.redundant,0.0.0916
4.4,D,HSS.HSS,redundant.redundant,0.001.0.0091
4.3,C,HSS.HSS,intermittent.redundant,0.0008.0.003
1.1,C,HSS.HSS,intermittent.redundant,0.0.0093
4.4,C,HSS.HSS,redundant.redundant,0.0027.0.0086
2.4,C,HSS.HSS,redundant.redundant,0.0006.0.0294
4.4,C,Strict.HSS,redundant.redundant,0.0.0025
3.3,C,HSS.HSS,redundant.redundant,0.0054.0.0305
2.4,C,HSS.HSS,redundant.redundant,0.0.0036
4.2,C,HSS.HSS,redundant.redundant,0.0027.0.0042
2.1,C,HSS.HSS,critical.intermittent,0.0.0017
1.2,D,HSS.HSS,intermittent.redundant,0.0012.0.0021
2.1,C,HSS.HSS,redundant.redundant,0.0092.0.0095
2.2,C,HSS.HSS,intermittent.redundant,0.0091.0.0622
4.4,D,HSS.HSS,redundant.redundant,0.0.0025
4.3,D,HSS.HSS,intermittent.intermittent,0.0008.0.0175
4.1,D,HSS.HSS,redundant.redundant,0.0.0015
4.4,D,HSS.HSS,intermittent.intermittent,0.0.002
2.4,C,HSS.HSS,redundant.redundant,0.0018.0.0046
4.4,C,HSS.HSS,intermittent.redundant,0.0.0038
3.3,C,HSS.HSS,redundant.redundant,0.0.0336
4.4,C,HSS.HSS,intermittent.redundant,0.0.0008
2.4,C,Strict.HSS,redundant.redundant,0.0016.0.0037
2.1,NA,HSS.Strict,redundant.redundant,0.0.0008
4.4,C,HSS.Strict,critical.redundant,0.0013.0.0015
4.4,D,HSS.Strict,redundant.redundant,0.0056.0.0249
2.4,D,HSS.HSS,redundant.redundant,0.004.0.0136
4.4,C,HSS.Intermediate,redundant.redundant,0.0.002
4.4,C,HSS.HSS,redundant.redundant,0.0.0023
4.4,D,HSS.HSS,redundant.redundant,0.0.0032
4.4,C,HSS.HSS,redundant.redundant,0.0003.0.0191
4.3,D,HSS.HSS,redundant.redundant,0.0154.0.1672
4.4,D,HSS.HSS,redundant.redundant,0.0041.0.0078
4.4,D,HSS.HSS,redundant.redundant,0.0045.0.0049
4.4,D,HSS.HSS,intermittent.redundant,0.0013.0.002
4.4,D,Intermediate.HSS,redundant.redundant,0.0016.0.0017
4.4,C,HSS.HSS,critical.redundant,0.0018.0.0082
1.1,C,HSS.HSS,redundant.redundant,0.0.0731
1.3,C,HSS.HSS,redundant.redundant,0.0.0011
3.4,C,HSS.HSS,redundant.intermittent,0.003.0.0096
4.4,C,HSS.HSS,redundant.redundant,0.0019.0.0043
4.1,D,HSS.HSS,redundant.redundant,0.0.0013
4.1,C,Intermediate.HSS,redundant.redundant,0.0022.0.0035
3.4,C,HSS.HSS,intermittent.intermittent,0.0018.0.007
4.3,C,HSS.HSS,intermittent.redundant,0.0.0018
4.4,C,HSS.HSS,redundant.redundant,0.0019.0.0027
4.4,C,HSS.HSS,redundant.intermittent,0.0025.0.0033
4.4,C,HSS.HSS,redundant.redundant,0.0046.0.0823
4.3,D,HSS.HSS,redundant.redundant,0.0.0009
4.4,C,HSS.HSS,redundant.redundant,0.0.0505
4.4,C,HSS.HSS,redundant.redundant,0.0.1113
3.3,D,HSS.HSS,intermittent.redundant,0.0017.0.0086
4.4,D,HSS.Strict,redundant.redundant,0.0.0013
1.4,D,HSS.HSS,intermittent.redundant,0.0027.0.0032
1.4,C,Strict.HSS,redundant.redundant,0.0012.0.0032
4.2,D,HSS.HSS,redundant.intermittent,0.0.0026
3.4,C,HSS.HSS,redundant.redundant,0.0051.0.0052
2.2,C,HSS.HSS,redundant.redundant,0.0009.0.0017
4.4,D,HSS.HSS,redundant.redundant,0.005.0.0055
4.2,C,HSS.HSS,redundant.intermittent,0.0045.0.0278
4.4,D,HSS.HSS,intermittent.intermittent,0.0036.0.0109
4.3,D,HSS.HSS,redundant.redundant,0.0.0046
4.4,D,HSS.HSS,redundant.redundant,0.0.0042
4.4,C,HSS.HSS,redundant.redundant,0.0083.0.1721
2.1,C,HSS.HSS,redundant.redundant,0.0.001
1.4,D,HSS.HSS,redundant.redundant,0.0068.0.0514
3.4,D,HSS.HSS,critical.redundant,0.0019.0.0122
4.3,C,HSS.HSS,redundant.redundant,0.0.0105
4.1,C,HSS.HSS,redundant.intermittent,0.0064.0.0218
3.4,C,HSS.HSS,redundant.redundant,0.0011.0.0193
4.4,C,HSS.HSS,intermittent.redundant,0.0.0023
4.4,C,HSS.HSS,redundant.redundant,0.0119.0.0198
4.1,D,HSS.HSS,redundant.redundant,0.0008.0.0433
3.4,C,HSS.HSS,redundant.intermittent,0.0.0052
1.4,C,Strict.HSS,intermittent.redundant,0.0016.0.004
3.1,C,HSS.HSS,redundant.redundant,0.0.0007
4.4,D,HSS.HSS,redundant.redundant,0.0011.0.0012
4.4,C,HSS.HSS,redundant.intermittent,0.0216.0.0358
4.4,C,HSS.HSS,intermittent.intermittent,0.002.0.0044
4.2,C,HSS.HSS,redundant.redundant,0.0029.0.0036
4.4,C,HSS.HSS,redundant.intermittent,0.0021.0.0024
4.3,D,HSS.HSS,redundant.redundant,0.0038.0.0105
2.1,C,HSS.HSS,redundant.redundant,0.0.0017
4.4,C,HSS.HSS,redundant.intermittent,0.0.0042
4.4,C,Intermediate.HSS,intermittent.redundant,0.0.0019
1.3,D,HSS.HSS,redundant.redundant,0.0.0014
4.4,C,HSS.HSS,redundant.redundant,0.0011.0.0096
4.4,D,HSS.HSS,critical.redundant,0.0034.0.0064
4.4,C,Intermediate.HSS,redundant.redundant,0.0.0018
4.4,C,HSS.HSS,redundant.intermittent,0.0017.0.0036
4.4,C,HSS.HSS,redundant.intermittent,0.0037.0.0057
3.3,D,HSS.HSS,redundant.redundant,0.0022.0.0031
4.2,C,HSS.HSS,intermittent.redundant,0.0044.0.0045
4.4,C,HSS.HSS,redundant.redundant,0.0042.0.0077
3.1,C,HSS.Strict,redundant.redundant,0.003.0.0916
2.3,D,HSS.HSS,redundant.redundant,0.0.0346
2.2,D,HSS.HSS,redundant.redundant,0.0.0027
1.2,C,HSS.HSS,intermittent.redundant,0.0.0097
4.4,C,HSS.HSS,intermittent.redundant,0.0021.0.0101
4.2,C,HSS.HSS,redundant.redundant,0.0014.0.0037
4.2,D,HSS.HSS,redundant.redundant,0.0013.0.0054
4.2,C,HSS.HSS,redundant.redundant,0.0.0692
1.4,D,HSS.HSS,intermittent.redundant,0.0012.0.0045
4.4,C,HSS.HSS,redundant.redundant,0.0057.0.011
4.4,C,HSS.HSS,redundant.redundant,0.0.0012
1.4,D,HSS.Intermediate,redundant.redundant,0.0.0022
4.3,D,HSS.HSS,redundant.redundant,0.0029.0.0031
4.4,C,HSS.HSS,critical.redundant,0.0013.0.0052
4.4,D,HSS.HSS,intermittent.intermittent,0.0054.0.0064
4.4,C,HSS.HSS,redundant.redundant,0.0.0029
3.4,C,HSS.HSS,intermittent.redundant,0.0.0044
4.4,C,HSS.HSS,redundant.redundant,0.0011.0.0091
3.4,D,HSS.HSS,redundant.redundant,0.0.0328
4.4,C,HSS.HSS,redundant.intermittent,0.0011.0.0012
4.4,D,HSS.HSS,redundant.redundant,0.0013.0.0323
4.4,C,HSS.HSS,redundant.redundant,0.0.0023
4.1,C,HSS.HSS,redundant.redundant,0.0021.0.0274
4.3,C,HSS.HSS,redundant.redundant,0.0019.0.0094
4.4,C,HSS.HSS,redundant.redundant,0.0013.0.0161
2.3,D,HSS.HSS,redundant.redundant,0.0007.0.0022
3.4,D,HSS.HSS,redundant.intermittent,0.0028.0.0057
4.4,C,HSS.Intermediate,redundant.redundant,0.0.0031
3.4,C,HSS.HSS,redundant.redundant,0.0.0016
4.4,C,HSS.HSS,redundant.redundant,0.0049.0.0056
4.4,C,Strict.HSS,redundant.redundant,0.0.002
2.2,D,HSS.HSS,redundant.redundant,0.0065.0.0204
2.4,C,HSS.HSS,redundant.redundant,0.0003.0.0302
2.4,C,HSS.HSS,redundant.intermittent,0.0009.0.0015
2.4,NA,HSS.Intermediate,redundant.redundant,0.0.0028
1.4,C,HSS.HSS,intermittent.critical,0.0016.0.0018
2.4,C,HSS.HSS,critical.redundant,0.0053.0.0064
4.1,C,HSS.HSS,redundant.redundant,0.0.0015
4.4,C,HSS.HSS,redundant.redundant,0.0008.0.0404
4.4,C,HSS.HSS,redundant.intermittent,0.0003.0.0142
4.1,C,HSS.HSS,redundant.redundant,0.0029.0.0084
4.1,C,HSS.HSS,redundant.redundant,0.0014.0.0109
2.2,C,HSS.HSS,redundant.redundant,0.0151.0.0316
4.4,D,HSS.HSS,redundant.redundant,0.0061.0.0093
4.1,D,HSS.HSS,redundant.redundant,0.003.0.0095
4.4,D,HSS.HSS,redundant.redundant,0.01.0.0346
4.4,C,HSS.HSS,redundant.redundant,0.0.0372
2.4,C,Intermediate.HSS,redundant.redundant,0.0.0011
4.4,D,HSS.HSS,redundant.redundant,0.0021.0.0036
4.3,C,HSS.HSS,redundant.redundant,0.0006.0.0275
2.4,D,HSS.HSS,intermittent.redundant,0.0017.0.0086
2.4,C,HSS.HSS,redundant.intermittent,0.007.0.0095
2.2,C,HSS.HSS,redundant.redundant,0.0009.0.0065
2.4,C,HSS.HSS,redundant.redundant,0.0069.0.0079
4.4,C,HSS.HSS,redundant.redundant,0.0084.0.0199
3.4,C,HSS.HSS,redundant.redundant,0.0011.0.0015
4.3,D,HSS.HSS,redundant.redundant,0.0013.0.367
4.4,C,HSS.HSS,redundant.intermittent,0.0011.0.0031
4.4,C,HSS.HSS,intermittent.redundant,0.0016.0.0084
4.4,C,HSS.HSS,redundant.redundant,0.0.001
3.2,D,HSS.HSS,redundant.redundant,0.002.0.0052
4.1,C,HSS.HSS,redundant.redundant,0.0046.0.027
3.4,C,HSS.HSS,intermittent.redundant,0.0008.0.0044
4.4,C,HSS.HSS,intermittent.intermittent,0.0.007
1.2,C,HSS.HSS,intermittent.redundant,0.0027.0.0562
4.4,D,HSS.HSS,redundant.redundant,0.0077.0.0372
4.4,D,HSS.HSS,intermittent.redundant,0.0015.0.0018
2.4,C,HSS.HSS,redundant.redundant,0.0018.0.0084
4.2,D,Strict.HSS,redundant.redundant,0.0016.0.0027
4.4,C,HSS.HSS,redundant.intermittent,0.0.0006
2.2,C,HSS.HSS,redundant.redundant,0.0.003
4.4,C,HSS.HSS,intermittent.redundant,0.0.0012
4.4,D,HSS.HSS,redundant.redundant,0.0035.0.0059
2.4,C,Intermediate.HSS,redundant.redundant,0.0.001
4.4,C,HSS.HSS,redundant.redundant,0.0.0103
4.4,C,HSS.HSS,redundant.redundant,0.0005.0.0054
4.4,C,HSS.HSS,intermittent.redundant,0.0.0372
3.4,C,HSS.Strict,redundant.redundant,0.0.0068
1.4,C,HSS.HSS,redundant.redundant,0.0.0046
3.3,D,HSS.HSS,intermittent.redundant,0.0.0351
4.4,D,HSS.Intermediate,redundant.intermittent,0.0022.0.0114
4.4,C,HSS.HSS,redundant.redundant,0.0007.0.0054
2.2,D,HSS.HSS,critical.redundant,0.0004.0.0029
1.4,D,HSS.HSS,redundant.redundant,0.0021.0.0022
4.2,C,HSS.HSS,redundant.redundant,0.0.0012
2.2,D,HSS.HSS,redundant.redundant,0.0.0026
4.3,C,HSS.HSS,redundant.redundant,0.0027.0.0038
4.3,D,HSS.HSS,redundant.redundant,0.0013.0.0024
1.4,D,HSS.HSS,redundant.redundant,0.006.0.0393
4.1,C,HSS.Strict,redundant.intermittent,0.008.0.0116
2.2,C,HSS.HSS,intermittent.redundant,0.0.003
4.4,D,HSS.HSS,redundant.redundant,0.001.0.0021
4.3,D,HSS.HSS,intermittent.redundant,0.0.0105
4.4,C,HSS.Intermediate,redundant.redundant,0.0013.0.0015
4.2,C,HSS.HSS,intermittent.redundant,0.0034.0.0511
2.4,NA,HSS.HSS,redundant.redundant,0.0.0016
4.2,NA,HSS.HSS,redundant.redundant,0.0073.0.0092
4.4,D,HSS.HSS,redundant.redundant,0.0.0026
4.4,D,HSS.HSS,redundant.redundant,0.0119.0.0121
4.2,D,HSS.HSS,critical.redundant,0.0.0017
1.1,C,HSS.HSS,intermittent.intermittent,0.0.0039
4.4,D,HSS.HSS,redundant.redundant,0.0.0291
4.4,C,HSS.HSS,redundant.redundant,0.0021.0.009
4.1,D,HSS.HSS,redundant.redundant,0.0.0038
2.3,C,HSS.HSS,critical.intermittent,0.0012.0.0013
4.4,D,HSS.HSS,redundant.redundant,0.0011.0.0036
3.4,C,HSS.HSS,redundant.redundant,0.0039.0.0071
4.3,D,HSS.HSS,redundant.intermittent,0.0065.0.0245
4.4,C,HSS.HSS,redundant.redundant,0.0.0033
4.4,D,HSS.HSS,redundant.redundant,0.0.0372
1.3,D,HSS.HSS,intermittent.redundant,0.0029.0.0031
4.4,C,HSS.HSS,redundant.redundant,0.0003.0.0028
4.4,D,HSS.Intermediate,redundant.redundant,0.003.0.0145
4.4,C,HSS.HSS,redundant.redundant,0.0029.0.0061
4.4,C,HSS.HSS,intermittent.redundant,0.0013.0.0023
4.4,C,HSS.Intermediate,redundant.redundant,0.0032.0.0229
4.4,C,Strict.HSS,redundant.redundant,0.0.0184
4.4,D,HSS.HSS,intermittent.redundant,0.0.0036
4.4,D,HSS.HSS,redundant.redundant,0.0008.0.0012
4.3,C,HSS.HSS,redundant.redundant,0.0013.0.0253
3.4,C,HSS.Strict,redundant.redundant,0.003.0.0054
4.4,C,HSS.HSS,intermittent.redundant,0.0017.0.003
4.4,C,Intermediate.HSS,critical.redundant,0.0.0023
4.4,C,HSS.HSS,redundant.redundant,0.0028.0.0278
4.3,D,HSS.HSS,redundant.critical,0.0028.0.0047
1.4,NA,HSS.HSS,intermittent.redundant,0.0014.0.0028
2.4,C,HSS.HSS,redundant.redundant,0.0003.0.1307
2.4,C,HSS.HSS,redundant.redundant,0.0116.0.0215
4.2,C,HSS.HSS,redundant.redundant,0.0028.0.0033
4.4,D,HSS.HSS,redundant.redundant,0.001.0.0042
3.2,C,HSS.HSS,critical.redundant,0.0.003
4.1,C,HSS.HSS,redundant.redundant,0.0019.0.0031
4.4,C,HSS.HSS,intermittent.redundant,0.0018.0.0026
4.4,D,HSS.HSS,redundant.redundant,0.0019.0.0041
4.4,D,HSS.HSS,redundant.redundant,0.016.0.0248
2.1,C,HSS.HSS,intermittent.redundant,0.0006.0.0007
3.4,C,HSS.HSS,redundant.redundant,0.002.0.0024
4.4,C,HSS.HSS,redundant.redundant,0.0091.0.0124
4.2,C,HSS.HSS,redundant.intermittent,0.0003.0.0025
4.4,C,HSS.HSS,redundant.redundant,0.0022.0.0066
3.4,C,HSS.HSS,redundant.redundant,0.0005.0.0054
2.1,C,HSS.HSS,critical.intermittent,0.0053.0.0218
4.2,D,HSS.HSS,redundant.critical,0.0048.0.0096
3.4,C,HSS.HSS,redundant.intermittent,0.0029.0.0036
4.2,C,HSS.HSS,redundant.redundant,0.0004.0.0021
4.3,D,HSS.HSS,redundant.intermittent,0.0013.0.0081
1.4,C,HSS.Strict,redundant.intermittent,0.0023.0.0075
4.1,D,HSS.HSS,redundant.redundant,0.0054.0.0271
4.4,C,HSS.HSS,redundant.redundant,0.0007.0.0031
2.4,D,HSS.Strict,redundant.redundant,0.0066.0.0249
4.2,C,HSS.HSS,intermittent.redundant,0.0042.0.0074
4.4,D,HSS.HSS,redundant.redundant,0.0.0011
2.4,C,HSS.HSS,redundant.redundant,0.0006.0.0017
4.4,C,HSS.HSS,redundant.redundant,0.0008.0.0037
4.4,D,HSS.HSS,redundant.redundant,0.0012.0.0574
4.4,C,HSS.HSS,redundant.redundant,0.0008.0.0023
2.4,C,HSS.HSS,redundant.redundant,0.0.0022
1.4,D,HSS.HSS,redundant.redundant,0.0097.0.02
3.4,D,Strict.HSS,redundant.redundant,0.0007.0.0043
2.4,NA,HSS.HSS,redundant.redundant,0.0014.0.0025
1.3,C,HSS.HSS,redundant.redundant,0.0025.0.0351
4.4,C,HSS.HSS,intermittent.redundant,0.0011.0.0155
3.1,C,HSS.HSS,redundant.intermittent,0.0.0007
4.4,D,HSS.HSS,intermittent.redundant,0.0008.0.0016
4.4,C,HSS.HSS,intermittent.redundant,0.0.0018
4.4,NA,HSS.HSS,redundant.redundant,0.0.0044
4.4,C,HSS.HSS,redundant.redundant,0.0029.0.0064
4.1,D,HSS.HSS,intermittent.redundant,0.0009.0.0023
4.1,D,HSS.HSS,redundant.redundant,0.0019.0.0023
4.4,C,HSS.HSS,redundant.redundant,0.0.0038
4.4,C,HSS.HSS,intermittent.redundant,0.0024.0.0503
4.4,C,HSS.HSS,redundant.redundant,0.0.0016
4.4,D,HSS.HSS,redundant.redundant,0.001.0.0023
4.4,C,HSS.HSS,intermittent.redundant,0.0.0035
4.4,D,HSS.HSS,redundant.redundant,0.0025.0.0031
3.4,D,HSS.HSS,intermittent.redundant,0.0.0007
4.4,C,HSS.HSS,redundant.redundant,0.0012.0.0181
4.4,D,HSS.HSS,intermittent.redundant,0.0035.0.0456
3.4,C,HSS.HSS,redundant.redundant,0.0.0685
1.3,D,HSS.HSS,redundant.redundant,0.0.0073
4.4,C,HSS.HSS,intermittent.redundant,0.0.002
1.4,D,HSS.HSS,redundant.redundant,0.0017.0.0086
4.4,D,HSS.HSS,intermittent.redundant,0.0035.0.0058
4.1,D,HSS.HSS,intermittent.redundant,0.0051.0.0093
4.4,D,HSS.HSS,intermittent.redundant,0.0008.0.0011
3.4,C,HSS.HSS,redundant.intermittent,0.0.0736
4.2,D,HSS.HSS,redundant.critical,0.0027.0.0096
1.4,C,HSS.HSS,intermittent.redundant,0.0027.0.0056
3.3,C,HSS.HSS,redundant.intermittent,0.002.0.009
4.1,C,HSS.HSS,redundant.redundant,0.0013.0.0021
3.3,C,HSS.HSS,critical.redundant,0.0.0105
1.4,C,HSS.Intermediate,redundant.redundant,0.0015.0.002
2.4,NA,HSS.Strict,redundant.redundant,0.0.0243
2.4,D,HSS.HSS,intermittent.redundant,0.0.0033
4.4,C,HSS.HSS,redundant.redundant,0.0.0193
3.4,C,HSS.HSS,redundant.redundant,0.0051.0.0068
1.4,C,HSS.HSS,redundant.redundant,0.0019.0.0038
4.4,D,HSS.HSS,intermittent.redundant,0.0026.0.0028
3.4,D,HSS.HSS,redundant.redundant,0.0008.0.0027
1.1,C,HSS.HSS,redundant.redundant,0.0.0095
4.4,C,HSS.HSS,redundant.redundant,0.0.0019
4.4,NA,HSS.HSS,intermittent.redundant,0.0035.0.0196
4.1,C,HSS.HSS,redundant.redundant,0.0019.0.0081
3.1,C,HSS.HSS,redundant.redundant,0.002.0.0067
3.4,D,HSS.Strict,redundant.redundant,0.003.0.0243
4.4,C,HSS.HSS,redundant.redundant,0.0021.0.0026
4.2,NA,HSS.HSS,critical.redundant,0.0033.0.0093
4.2,C,HSS.HSS,redundant.intermittent,0.0035.0.004
4.2,D,HSS.HSS,redundant.critical,0.0035.0.0096
1.4,D,HSS.HSS,intermittent.critical,0.0024.0.0034
4.2,C,HSS.HSS,redundant.redundant,0.0.0019
4.4,D,HSS.HSS,intermittent.redundant,0.0022.0.0181
2.4,NA,HSS.HSS,redundant.intermittent,0.0014.0.0035
4.3,C,HSS.HSS,intermittent.redundant,0.0044.0.0134
4.1,C,HSS.HSS,redundant.redundant,0.0.0339
4.4,D,HSS.HSS,redundant.redundant,0.0.0027
4.4,C,HSS.HSS,redundant.redundant,0.0003.0.0027
4.2,C,HSS.HSS,redundant.redundant,0.0.003
4.1,D,HSS.HSS,intermittent.redundant,0.0.0038
3.2,C,HSS.HSS,redundant.redundant,0.0.0036
1.4,NA,HSS.HSS,redundant.redundant,0.0012.0.005
1.4,D,HSS.HSS,redundant.intermittent,0.0022.0.0038
1.3,D,HSS.HSS,redundant.redundant,0.0093.0.0451
4.4,C,HSS.HSS,redundant.intermittent,0.001.0.0198
4.4,C,HSS.HSS,redundant.redundant,0.0021.0.028
4.1,C,HSS.HSS,redundant.intermittent,0.0018.0.0027
4.4,D,HSS.HSS,redundant.redundant,0.0063.0.0477
2.2,C,HSS.HSS,redundant.redundant,0.0008.0.0014
4.4,C,HSS.HSS,redundant.redundant,0.001.0.0019
4.2,D,HSS.HSS,redundant.redundant,0.0.0011
4.2,C,HSS.HSS,redundant.redundant,0.0.0014
4.4,D,HSS.HSS,redundant.redundant,0.0.0022
2.2,C,HSS.HSS,critical.intermittent,0.0016.0.0049
4.2,C,Strict.HSS,redundant.redundant,0.0.0011
4.4,C,HSS.HSS,redundant.redundant,0.0.001
4.3,D,HSS.HSS,intermittent.critical,0.0033.0.0034
